open_timestamp_utc,close_timestamp_utc,open,high,low,close,volume
1555671600,1555675199,5257.25,5268.56,5256.32,5257.48,82.62
1555675200,1555678799,5256.32,5266.62,5238.12,5248.98,139.26
1555678800,1555682399,5248.99,5254.52,5238.1,5251.01,106.02
1555682400,1555685999,5251.14,5251.61,5240.01,5246.66,149.6
1555686000,1555689599,5246.66,5289.0,5246.66,5283.59,383.19
1555689600,1555693199,5283.59,5359.47,5267.8,5279.03,913.74
1555693200,1555696799,5277.41,5285.0,5260.85,5278.27,220.51
1555696800,1555700399,5278.27,5302.0,5268.49,5298.8,255.69
1555700400,1555703999,5298.08,5308.53,5280.01,5299.12,283.12
1555704000,1555707599,5294.61,5304.53,5256.0,5271.12,526.45
1555707600,1555711199,5270.63,5289.35,5261.96,5271.67,270.06
1555711200,1555714799,5273.29,5282.0,5250.0,5282.0,237.91
1555714800,1555718399,5281.99,5300.0,5276.14,5290.36,183.19
1555718400,1555721999,5290.37,5304.0,5286.29,5289.34,182.6
1555722000,1555725599,5287.79,5316.42,5285.0,5312.26,195.87
1555725600,1555729199,5312.26,5330.0,5294.46,5300.65,312.58
1555729200,1555732799,5300.46,5307.1,5290.0,5305.82,182.18
1555732800,1555736399,5306.8,5325.0,5297.61,5325.0,184.92
1555736400,1555739999,5324.99,5337.08,5315.02,5327.84,140.27
1555740000,1555743599,5327.83,5341.9,5315.0,5324.02,132.72
1555743600,1555747199,5324.02,5334.75,5324.02,5331.14,88.42
1555747200,1555750799,5331.5,5359.98,5317.0,5320.02,215.09
1555750800,1555754399,5320.02,5333.24,5308.42,5319.57,103.24
1555754400,1555757999,5319.57,5319.57,5297.01,5314.71,195.73
1555758000,1555761599,5314.71,5317.83,5306.84,5308.78,87.79
1555761600,1555765199,5308.78,5330.34,5308.77,5319.34,98.82
1555765200,1555768799,5318.34,5331.19,5316.65,5320.0,140.19
1555768800,1555772399,5320.0,5320.25,5300.01,5312.06,186.01
1555772400,1555775999,5312.07,5338.28,5309.16,5317.25,212.52
1555776000,1555779599,5317.26,5334.82,5310.0,5329.27,169.92
1555779600,1555783199,5329.08,5329.66,5305.0,5307.04,227.31
1555783200,1555786799,5307.15,5318.97,5307.05,5314.76,139.85
1555786800,1555790399,5314.75,5326.39,5311.98,5323.62,173.9
1555790400,1555793999,5323.61,5334.8,5310.0,5318.99,265.96
1555794000,1555797599,5318.99,5319.0,5260.24,5272.94,637.49
1555797600,1555801199,5272.94,5298.79,5271.97,5296.28,313.4
1555801200,1555804799,5293.6,5327.73,5293.6,5319.89,318.91
1555804800,1555808399,5319.9,5348.29,5314.91,5330.01,428.71
1555808400,1555811999,5330.01,5337.49,5326.0,5327.27,125.7
1555812000,1555815599,5327.27,5338.04,5327.26,5335.98,171.31
1555815600,1555819199,5335.99,5349.16,5334.16,5336.01,212.42
1555819200,1555822799,5336.0,5336.68,5322.0,5331.77,192.02
1555822800,1555826399,5329.99,5330.0,5311.01,5314.16,138.86
1555826400,1555829999,5312.88,5325.19,5311.48,5325.18,76.08
1555830000,1555833599,5325.18,5334.62,5313.0,5315.69,103.92
1555833600,1555837199,5315.68,5318.86,5276.69,5307.57,444.29
1555837200,1555840799,5307.56,5307.57,5235.7,5254.85,907.06
1555840800,1555844399,5254.85,5280.09,5236.06,5264.11,183.79
1555844400,1555847999,5264.11,5270.0,5254.25,5262.52,191.05
1555848000,1555851599,5262.51,5262.52,5213.34,5250.73,618.62
1555851600,1555855199,5254.07,5276.36,5253.92,5270.38,110.76
1555855200,1555858799,5270.38,5272.78,5256.5,5271.62,169.0
1555858800,1555862399,5271.62,5282.55,5263.56,5282.55,137.56
1555862400,1555865999,5282.55,5286.57,5270.3,5270.83,143.39
1555866000,1555869599,5271.08,5271.99,5249.55,5264.8,218.91
1555869600,1555873199,5265.66,5270.0,5229.67,5234.99,233.71
1555873200,1555876799,5235.0,5268.39,5234.99,5259.64,153.18
1555876800,1555880399,5259.65,5272.43,5235.0,5236.83,174.76
1555880400,1555883999,5235.72,5288.44,5233.14,5273.73,148.73
1555884000,1555887599,5271.11,5306.4,5270.01,5295.23,257.62
1555887600,1555891199,5293.63,5313.51,5278.05,5297.64,207.06
1555891200,1555894799,5297.64,5307.05,5290.31,5290.32,161.28
1555894800,1555898399,5290.31,5295.46,5260.0,5268.07,388.41
1555898400,1555901999,5268.07,5285.23,5261.01,5266.51,172.07
1555902000,1555905599,5265.95,5277.0,5250.45,5260.0,180.18
1555905600,1555909199,5260.01,5285.0,5260.0,5274.99,134.58
1555909200,1555912799,5275.0,5286.99,5271.0,5276.13,253.85
1555912800,1555916399,5276.13,5288.44,5265.52,5288.44,122.63
1555916400,1555919999,5288.43,5293.57,5280.79,5281.88,45.37
1555920000,1555923599,5281.87,5294.46,5281.01,5288.76,87.36
1555923600,1555927199,5288.75,5305.63,5271.85,5302.81,142.85
1555927200,1555930799,5303.91,5317.32,5298.34,5313.33,175.1
1555930800,1555934399,5313.32,5325.04,5305.66,5308.23,269.75
1555934400,1555937999,5308.23,5324.25,5306.0,5307.77,212.4
1555938000,1555941599,5308.08,5310.99,5296.07,5296.07,176.68
1555941600,1555945199,5296.62,5323.6,5294.96,5317.01,346.09
1555945200,1555948799,5317.02,5407.08,5292.54,5308.88,3073.68
1555948800,1555952399,5313.14,5313.14,5282.59,5306.79,1033.36
1555952400,1555955999,5306.79,5369.99,5304.56,5369.99,875.85
1555956000,1555959599,5369.98,5423.35,5363.09,5412.23,1199.64
1555959600,1555963199,5412.21,5440.84,5358.06,5386.89,1438.82
1555963200,1555966799,5386.9,5407.5,5361.55,5365.0,565.28
1555966800,1555970399,5364.99,5398.59,5353.71,5384.93,396.26
1555970400,1555973999,5384.93,5405.0,5378.48,5401.17,609.54
1555974000,1555977599,5400.2,5400.2,5369.58,5387.6,281.71
1555977600,1555981199,5387.6,5390.8,5361.01,5381.69,306.24
1555981200,1555984799,5381.69,5390.0,5378.1,5387.9,259.08
1555984800,1555988399,5387.91,5405.0,5387.9,5404.19,376.68
1555988400,1555991999,5404.19,5448.0,5404.18,5430.17,1049.71
1555992000,1555995599,5432.58,5650.01,5431.4,5517.71,4524.76
1555995600,1555999199,5517.7,5554.99,5504.18,5537.5,669.29
1555999200,1556002799,5536.77,5552.71,5514.36,5536.53,506.54
1556002800,1556006399,5536.52,5554.99,5526.75,5540.8,214.24
1556006400,1556009999,5540.8,5582.99,5540.1,5546.05,573.63
1556010000,1556013599,5546.06,5548.27,5511.99,5537.15,327.18
1556013600,1556017199,5537.15,5558.86,5537.15,5550.49,295.8
1556017200,1556020799,5550.49,5560.39,5540.97,5557.44,270.32
1556020800,1556024399,5557.44,5588.09,5553.18,5566.54,514.03
1556024400,1556027999,5566.54,5595.0,5557.76,5573.92,513.41
1556028000,1556031599,5573.84,5588.0,5565.4,5581.11,907.48
1556031600,1556035199,5582.32,5582.8,5542.87,5566.36,1072.18
1556035200,1556038799,5566.76,5575.0,5550.0,5574.08,468.74
1556038800,1556042399,5574.59,5616.83,5573.42,5583.91,1400.59
1556042400,1556045999,5583.91,5609.99,5583.91,5603.92,723.77
1556046000,1556049599,5603.92,5606.5,5572.31,5587.56,680.66
1556049600,1556053199,5587.56,5589.17,5556.0,5579.94,696.13
1556053200,1556056799,5579.46,5585.71,5570.0,5570.02,344.17
1556056800,1556060399,5570.02,5570.02,5507.6,5560.33,1064.58
1556060400,1556063999,5560.32,5567.8,5529.38,5532.75,449.4
1556064000,1556067599,5532.75,5560.6,5532.4,5540.41,1012.71
1556067600,1556071199,5540.4,5560.0,5483.07,5547.0,1726.35
1556071200,1556074799,5546.98,5564.31,5540.97,5559.99,436.86
1556074800,1556078399,5559.17,5582.45,5559.17,5574.0,375.3
1556078400,1556081999,5574.0,5612.17,5567.15,5595.38,615.57
1556082000,1556085599,5595.39,5614.86,5576.42,5608.6,230.05
1556085600,1556089199,5604.03,5624.47,5584.29,5592.01,361.49
1556089200,1556092799,5592.0,5599.88,5415.0,5467.13,2238.26
1556092800,1556096399,5467.14,5488.48,5435.01,5480.46,733.29
1556096400,1556099999,5480.46,5488.15,5458.42,5462.79,340.14
1556100000,1556103599,5462.79,5479.74,5413.86,5417.85,501.79
1556103600,1556107199,5418.7,5448.84,5383.59,5432.98,668.55
1556107200,1556110799,5432.75,5464.21,5427.65,5458.35,309.03
1556110800,1556114399,5458.34,5473.38,5440.01,5443.47,486.16
1556114400,1556117999,5443.12,5468.89,5431.96,5462.6,599.01
1556118000,1556121599,5462.51,5483.38,5456.27,5462.96,513.43
1556121600,1556125199,5462.02,5472.05,5420.15,5438.01,508.56
1556125200,1556128799,5436.53,5453.26,5411.02,5411.38,577.14
1556128800,1556132399,5412.1,5425.91,5374.0,5404.01,1014.65
1556132400,1556135999,5404.02,5441.36,5400.78,5430.03,693.52
1556136000,1556139599,5430.02,5449.32,5427.14,5439.99,379.14
1556139600,1556143199,5440.0,5446.17,5410.25,5436.26,331.84
1556143200,1556146799,5436.24,5444.0,5433.47,5443.85,265.25
1556146800,1556150399,5443.86,5446.0,5418.96,5441.9,219.73
1556150400,1556153999,5440.59,5465.57,5436.1,5454.8,280.45
1556154000,1556157599,5454.8,5458.02,5444.49,5456.32,186.63
1556157600,1556161199,5456.31,5459.7,5425.0,5427.98,262.42
1556161200,1556164799,5428.0,5441.61,5412.9,5438.33,220.81
1556164800,1556168399,5438.41,5450.0,5425.0,5425.19,158.77
1556168400,1556171999,5425.0,5432.92,5406.91,5429.25,233.24
1556172000,1556175599,5429.25,5429.25,5396.53,5407.02,402.84
1556175600,1556179199,5407.02,5432.01,5394.29,5430.49,159.87
1556179200,1556182799,5430.48,5430.48,5418.0,5427.4,79.45
1556182800,1556186399,5427.39,5429.96,5378.45,5423.04,279.5
1556186400,1556189999,5423.04,5458.69,5423.04,5457.83,444.78
1556190000,1556193599,5457.83,5467.2,5435.01,5467.2,337.93
1556193600,1556197199,5467.2,5472.0,5452.41,5459.31,212.78
1556197200,1556200799,5459.31,5459.44,5446.44,5457.86,306.58
1556200800,1556204399,5457.87,5458.13,5436.0,5449.69,326.77
1556204400,1556207999,5449.69,5464.23,5449.69,5456.28,429.37
1556208000,1556211599,5456.15,5481.31,5454.3,5479.28,416.23
1556211600,1556215199,5479.28,5498.0,5479.19,5494.09,378.72
1556215200,1556218799,5493.68,5499.99,5491.85,5498.93,201.39
1556218800,1556222399,5498.91,5512.12,5481.32,5488.42,400.43
1556222400,1556225999,5487.89,5497.31,5474.09,5495.0,512.29
1556226000,1556229599,5494.99,5500.0,5382.0,5388.97,781.83
1556229600,1556233199,5388.97,5388.97,4963.0,5131.52,9616.91
1556233200,1556236799,5131.15,5157.07,5084.44,5134.81,1522.84
1556236800,1556240399,5134.82,5134.82,5060.4,5115.95,1227.48
1556240400,1556243999,5115.95,5166.21,5115.9,5144.23,1065.61
1556244000,1556247599,5145.49,5295.03,5129.9,5222.73,1830.04
1556247600,1556251199,5222.73,5234.0,5193.07,5203.0,781.1
1556251200,1556254799,5202.99,5239.49,5176.39,5176.42,625.81
1556254800,1556258399,5177.75,5216.14,5176.43,5193.91,444.71
1556258400,1556261999,5193.92,5199.15,5146.52,5176.46,658.68
1556262000,1556265599,5176.46,5186.03,5149.47,5163.47,243.96
1556265600,1556269199,5163.83,5194.68,5162.01,5176.43,222.92
1556269200,1556272799,5176.42,5185.51,5158.03,5172.1,181.84
1556272800,1556276399,5170.63,5186.98,5158.0,5159.9,240.79
1556276400,1556279999,5159.11,5168.71,5127.47,5158.63,429.09
1556280000,1556283599,5158.36,5184.84,5131.0,5175.06,290.38
1556283600,1556287199,5175.01,5180.41,5165.0,5166.53,439.19
1556287200,1556290799,5166.53,5170.38,5153.8,5162.77,524.11
1556290800,1556294399,5162.76,5168.08,5125.0,5138.54,458.48
1556294400,1556297999,5138.54,5138.54,5041.14,5102.61,1350.31
1556298000,1556301599,5102.61,5124.0,5083.0,5096.49,492.63
1556301600,1556305199,5098.08,5116.14,5066.11,5074.21,543.06
1556305200,1556308799,5073.6,5104.98,5060.18,5077.68,599.28
1556308800,1556312399,5077.68,5117.65,5068.65,5097.3,697.67
1556312400,1556315999,5097.3,5124.0,5092.08,5122.9,318.28
1556316000,1556319599,5122.36,5175.01,5121.33,5148.38,524.79
1556319600,1556323199,5148.38,5161.03,5136.04,5159.51,233.07
1556323200,1556326799,5159.5,5176.17,5149.0,5151.0,221.59
1556326800,1556330399,5151.01,5154.78,5136.78,5150.16,207.77
1556330400,1556333999,5150.16,5160.77,5141.87,5147.92,192.69
1556334000,1556337599,5147.92,5161.0,5141.67,5141.67,189.76
1556337600,1556341199,5141.69,5143.01,5117.46,5139.0,191.44
1556341200,1556344799,5138.99,5151.84,5128.02,5151.16,137.29
1556344800,1556348399,5151.84,5165.88,5151.84,5162.75,148.3
1556348400,1556351999,5162.75,5175.09,5150.82,5173.28,157.54
1556352000,1556355599,5173.27,5173.28,5151.06,5155.98,101.11
1556355600,1556359199,5155.98,5161.35,5143.47,5149.0,71.81
1556359200,1556362799,5149.0,5159.98,5147.46,5156.82,91.43
1556362800,1556366399,5156.83,5167.62,5155.72,5157.2,116.93
1556366400,1556369999,5157.2,5160.47,5147.11,5148.01,104.46
1556370000,1556373599,5148.01,5158.26,5140.3,5155.26,128.0
1556373600,1556377199,5155.26,5184.13,5151.42,5166.82,219.2
1556377200,1556380799,5166.82,5174.13,5150.0,5151.17,188.39
1556380800,1556384399,5151.17,5169.37,5151.17,5165.11,121.3
1556384400,1556387999,5165.11,5182.23,5160.55,5175.49,274.79
1556388000,1556391599,5175.5,5178.78,5166.38,5171.49,218.12
1556391600,1556395199,5171.5,5221.24,5169.95,5205.3,385.59
1556395200,1556398799,5205.31,5212.87,5190.04,5203.24,224.17
1556398800,1556402399,5203.22,5215.0,5200.0,5204.98,190.0
1556402400,1556405999,5203.96,5212.86,5194.33,5200.0,129.36
1556406000,1556409599,5200.0,5205.62,5162.12,5170.6,257.72
1556409600,1556413199,5171.9,5188.11,5171.01,5182.49,154.79
1556413200,1556416799,5182.5,5186.55,5176.6,5182.22,116.73
1556416800,1556420399,5182.22,5182.32,5139.22,5158.99,410.17
1556420400,1556423999,5160.2,5175.53,5158.82,5175.12,85.56
1556424000,1556427599,5175.16,5176.0,5163.89,5166.1,79.8
1556427600,1556431199,5166.1,5173.99,5158.41,5173.99,97.89
1556431200,1556434799,5173.99,5177.75,5156.24,5171.16,248.95
1556434800,1556438399,5171.16,5182.58,5171.14,5178.87,93.9
1556438400,1556441999,5178.87,5185.76,5173.0,5179.01,48.75
1556442000,1556445599,5179.01,5185.44,5165.53,5177.1,317.57
1556445600,1556449199,5177.11,5197.2,5175.86,5197.2,119.4
1556449200,1556452799,5198.25,5214.5,5184.12,5208.18,258.86
1556452800,1556456399,5208.19,5208.19,5190.0,5191.82,156.32
1556456400,1556459999,5191.82,5200.0,5153.28,5160.06,408.08
1556460000,1556463599,5160.06,5180.0,5155.0,5161.85,143.23
1556463600,1556467199,5161.86,5198.96,5161.85,5193.98,222.9
1556467200,1556470799,5193.8,5194.0,5177.81,5182.27,139.0
1556470800,1556474399,5181.25,5187.44,5170.17,5175.45,138.37
1556474400,1556477999,5175.44,5176.09,5158.77,5165.09,213.96
1556478000,1556481599,5165.1,5171.1,5101.0,5143.28,458.7
1556481600,1556485199,5143.34,5158.02,5126.24,5126.24,223.24
1556485200,1556488799,5125.85,5140.0,5109.41,5135.85,334.67
1556488800,1556492399,5135.85,5156.63,5125.0,5155.65,217.5
1556492400,1556495999,5154.46,5162.65,5135.68,5155.0,225.12
1556496000,1556499599,5155.0,5175.0,5146.2,5173.52,214.1
1556499600,1556503199,5173.52,5176.6,5167.2,5176.34,320.15
1556503200,1556506799,5176.6,5179.0,5168.36,5176.0,222.55
1556506800,1556510399,5176.0,5179.99,5170.66,5178.27,168.8
1556510400,1556513999,5178.28,5188.17,5171.99,5187.5,270.79
1556514000,1556517599,5187.5,5189.54,5174.3,5180.08,167.16
1556517600,1556521199,5180.09,5188.38,5177.52,5179.73,107.92
1556521200,1556524799,5179.79,5180.28,5160.82,5163.43,219.93
1556524800,1556528399,5163.44,5166.46,5160.0,5165.01,146.9
1556528400,1556531999,5165.01,5167.75,5135.23,5160.51,333.28
1556532000,1556535599,5162.04,5162.04,5118.64,5144.56,367.38
1556535600,1556539199,5144.56,5156.53,5140.0,5152.01,104.93
1556539200,1556542799,5152.01,5152.01,5104.11,5128.01,411.15
1556542800,1556546399,5128.25,5139.92,5072.01,5139.31,613.35
1556546400,1556549999,5139.31,5173.35,5139.21,5156.06,440.23
1556550000,1556553599,5156.05,5160.0,5132.59,5140.32,284.42
1556553600,1556557199,5140.32,5172.58,5137.69,5155.41,348.35
1556557200,1556560799,5155.41,5172.1,5145.94,5150.94,354.36
1556560800,1556564399,5150.95,5155.0,5116.27,5154.17,565.37
1556564400,1556567999,5154.26,5157.33,5137.4,5153.32,239.14
1556568000,1556571599,5153.33,5153.33,5130.0,5131.33,356.87
1556571600,1556575199,5131.34,5145.28,5130.0,5132.1,238.38
1556575200,1556578799,5132.1,5142.32,5100.0,5122.15,543.28
1556578800,1556582399,5120.74,5155.84,5119.9,5148.25,299.44
1556582400,1556585999,5148.25,5165.49,5141.06,5149.99,252.46
1556586000,1556589599,5151.75,5159.99,5147.98,5159.93,148.53
1556589600,1556593199,5159.69,5164.59,5148.42,5156.27,140.51
1556593200,1556596799,5156.27,5157.0,5138.0,5144.74,149.36
1556596800,1556600399,5144.74,5147.54,5126.25,5132.01,174.28
1556600400,1556603999,5132.01,5148.1,5132.0,5140.0,132.03
1556604000,1556607599,5140.0,5150.0,5137.45,5140.28,80.25
1556607600,1556611199,5141.55,5150.48,5141.02,5147.32,77.09
1556611200,1556614799,5147.33,5159.99,5146.26,5155.81,116.08
1556614800,1556618399,5155.82,5155.82,5137.63,5151.82,98.75
1556618400,1556621999,5151.81,5196.21,5151.81,5183.49,457.84
1556622000,1556625599,5183.4,5216.92,5180.89,5212.88,313.49
1556625600,1556629199,5211.45,5216.93,5187.0,5212.01,391.27
1556629200,1556632799,5212.01,5281.71,5192.01,5255.52,1024.9
1556632800,1556636399,5255.08,5281.71,5241.22,5260.0,679.72
1556636400,1556639999,5259.99,5262.45,5241.05,5258.33,350.71
1556640000,1556643599,5259.0,5261.0,5230.88,5245.64,356.05
1556643600,1556647199,5245.63,5249.99,5226.59,5231.79,317.38
1556647200,1556650799,5231.79,5249.99,5228.07,5249.99,236.16
1556650800,1556654399,5249.98,5250.0,5233.07,5235.71,308.54
1556654400,1556657999,5235.7,5244.01,5225.55,5236.13,513.65
1556658000,1556661599,5236.12,5259.0,5234.0,5258.99,177.37
1556661600,1556665199,5259.0,5285.0,5258.99,5284.73,449.34
1556665200,1556668799,5284.74,5284.74,5256.55,5270.69,325.03
1556668800,1556672399,5270.68,5329.8,5265.61,5299.95,653.82
1556672400,1556675999,5301.32,5312.83,5296.7,5303.57,259.7
1556676000,1556679599,5303.56,5341.9,5303.56,5326.2,283.38
1556679600,1556683199,5326.2,5330.0,5303.35,5315.59,288.23
1556683200,1556686799,5315.6,5325.0,5304.34,5310.5,180.02
1556686800,1556690399,5310.5,5323.93,5310.49,5318.01,120.97
1556690400,1556693999,5318.0,5320.0,5310.87,5320.0,69.26
1556694000,1556697599,5320.0,5323.26,5309.29,5309.3,84.63
1556697600,1556701199,5309.3,5309.3,5285.69,5292.35,205.04
1556701200,1556704799,5292.34,5303.72,5288.8,5300.6,154.07
1556704800,1556708399,5300.61,5304.82,5295.31,5304.82,72.1
1556708400,1556711999,5304.82,5317.99,5304.64,5313.03,193.15
1556712000,1556715599,5313.47,5314.47,5276.65,5292.47,232.01
1556715600,1556719199,5292.48,5292.48,5278.55,5288.98,369.03
1556719200,1556722799,5288.98,5296.73,5281.0,5282.47,394.16
1556722800,1556726399,5282.48,5296.63,5280.01,5296.47,313.0
1556726400,1556729999,5296.47,5300.0,5288.5,5289.55,232.07
1556730000,1556733599,5289.55,5358.39,5288.5,5352.82,909.06
1556733600,1556737199,5352.82,5352.83,5290.38,5309.99,911.8
1556737200,1556740799,5310.0,5310.0,5286.0,5304.03,449.55
1556740800,1556744399,5304.03,5311.94,5302.61,5308.0,268.17
1556744400,1556747999,5306.57,5317.41,5290.88,5297.87,264.03
1556748000,1556751599,5297.87,5304.79,5290.0,5299.52,194.85
1556751600,1556755199,5300.0,5330.0,5297.68,5321.15,225.19
1556755200,1556758799,5321.15,5330.0,5314.9,5322.9,328.14
1556758800,1556762399,5322.9,5328.84,5314.99,5316.12,138.63
1556762400,1556765999,5316.13,5329.78,5316.12,5324.53,172.26
1556766000,1556769599,5324.54,5337.86,5319.73,5330.67,173.73
1556769600,1556773199,5330.68,5330.68,5306.09,5319.99,222.2
1556773200,1556776799,5320.02,5331.28,5315.83,5325.09,110.09
1556776800,1556780399,5325.09,5328.81,5321.0,5328.81,93.48
1556780400,1556783999,5328.81,5352.54,5326.72,5341.68,373.91
1556784000,1556787599,5340.77,5375.0,5339.08,5375.0,203.2
1556787600,1556791199,5375.0,5382.5,5340.0,5350.18,379.11
1556791200,1556794799,5350.18,5369.19,5346.1,5357.78,138.41
1556794800,1556798399,5357.78,5370.0,5357.78,5365.35,114.33
1556798400,1556801999,5366.9,5381.82,5360.0,5365.86,329.43
1556802000,1556805599,5365.95,5375.55,5340.0,5372.66,422.99
1556805600,1556809199,5374.99,5397.0,5360.39,5380.0,432.24
1556809200,1556812799,5379.99,5422.99,5379.99,5405.56,1010.8
1556812800,1556816399,5405.56,5416.96,5370.0,5378.02,692.26
1556816400,1556819999,5378.02,5399.68,5378.01,5392.45,345.72
1556820000,1556823599,5392.46,5402.85,5387.89,5387.89,281.07
1556823600,1556827199,5387.9,5415.0,5384.54,5400.42,244.57
1556827200,1556830799,5400.44,5408.0,5388.66,5408.0,284.86
1556830800,1556834399,5406.21,5417.0,5398.71,5404.04,269.26
1556834400,1556837999,5404.04,5408.03,5394.81,5398.44,339.97
1556838000,1556841599,5398.44,5401.98,5390.0,5390.01,225.37
1556841600,1556845199,5390.0,5409.0,5363.0,5409.0,456.35
1556845200,1556848799,5408.99,5442.0,5400.09,5427.16,405.25
1556848800,1556852399,5427.16,5481.18,5424.19,5467.52,809.44
1556852400,1556855999,5468.91,5478.0,5452.34,5462.63,315.67
1556856000,1556859599,5462.62,5502.99,5453.04,5481.91,554.55
1556859600,1556863199,5480.72,5498.28,5470.23,5490.8,217.25
1556863200,1556866799,5490.81,5565.86,5490.8,5518.69,918.13
1556866800,1556870399,5518.69,5602.91,5518.69,5587.12,767.87
1556870400,1556873999,5587.1,5724.45,5554.89,5674.28,2211.74
1556874000,1556877599,5674.29,5796.93,5660.24,5782.46,1820.39
1556877600,1556881199,5784.02,5784.02,5657.0,5676.99,2004.69
1556881200,1556884799,5677.0,5728.82,5662.61,5699.99,1067.83
1556884800,1556888399,5697.24,5752.11,5695.06,5712.32,690.63
1556888400,1556891999,5712.32,5757.12,5708.69,5738.74,923.51
1556892000,1556895599,5738.57,5769.4,5709.0,5723.98,1125.11
1556895600,1556899199,5723.98,5730.85,5671.18,5711.27,1014.09
1556899200,1556902799,5711.29,5727.97,5687.7,5690.98,460.51
1556902800,1556906399,5691.4,5703.0,5621.7,5666.02,1233.33
1556906400,1556909999,5666.02,5706.91,5648.49,5690.92,666.54
1556910000,1556913599,5690.92,5690.93,5670.0,5671.98,373.33
1556913600,1556917199,5671.99,5711.65,5671.99,5689.78,759.27
1556917200,1556920799,5689.78,5702.0,5671.98,5694.0,328.24
1556920800,1556924399,5693.99,5694.0,5646.31,5680.0,380.67
1556924400,1556927999,5680.01,5680.01,5648.3,5657.4,236.01
1556928000,1556931599,5657.41,5769.99,5656.02,5735.16,929.43
1556931600,1556935199,5733.96,5823.96,5715.25,5793.17,835.18
1556935200,1556938799,5790.53,5794.88,5745,5765,620.79
1556938800,1556942399,5765,5773,5704.71,5742.95,334.58
1556942400,1556945999,5742.94,5742.94,5650,5705.01,703.04
1556946000,1556949599,5705.01,5727.81,5686.22,5705,297.67
1556949600,1556953199,5705,5730,5685.33,5730,167.94
1556953200,1556956799,5730,5790.48,5729.99,5739.09,280.5
1556956800,1556960399,5738.9,5738.91,5718.63,5733.38,116.22
1556960400,1556963999,5730.83,5747.45,5709.06,5711.08,88.08
1556964000,1556967599,5711.09,5726.09,5690.39,5716.05,126.42
1556967600,1556971199,5715.31,5742.97,5715.3,5725.71,106.05
1556971200,1556974799,5725.71,5731.43,5692,5708.05,157.33
1556974800,1556978399,5708.04,5716.94,5520,5570.55,1423.41
1556978400,1556981999,5570.55,5592.78,5512,5575.01,742.51
1556982000,1556985599,5575,5585.2,5551.29,5551.3,312.13
1556985600,1556989199,5551.3,5591.61,5542,5580.01,255.95
1556989200,1556992799,5580.01,5602,5572,5591.42,229.83
1556992800,1556996399,5591.42,5606,5573.82,5591.2,239.8
1556996400,1556999999,5591.21,5618.79,5584.63,5606.4,313.31
1557000000,1557003599,5606.4,5693.97,5606.4,5689.5,479.5
1557003600,1557007199,5688.67,5821.47,5688,5786,1224.01
1557007200,1557010799,5781.03,5846.88,5770,5820,683.23
1557010800,1557014399,5820,5827.53,5757.82,5770.01,404.64
1557014400,1557017999,5770.01,5777.9,5693,5750.65,554.95
1557018000,1557021599,5750.64,5752.85,5718.91,5735.78,164.56
1557021600,1557025199,5735.77,5772.56,5735.76,5735.99,161.43
1557025200,1557028799,5735.99,5763.81,5724.28,5755.01,148.7
1557028800,1557032399,5755.01,5755.01,5706,5720.02,267.18
1557032400,1557035999,5720.02,5758.81,5718.29,5746.5,139.06
1557036000,1557039599,5746.5,5759.66,5721.05,5738.32,102.67
1557039600,1557043199,5738.32,5744.18,5683,5705.44,252.55
1557043200,1557046799,5705.44,5730.99,5668.34,5715.72,203.48
1557046800,1557050399,5716.08,5723.31,5695.88,5698.49,115.35
1557050400,1557053999,5698.49,5739,5682.23,5738.86,178.14
1557054000,1557057599,5739,5743,5702.79,5708.73,79.24
1557057600,1557061199,5708.74,5740.03,5708.73,5735.97,111.65
1557061200,1557064799,5735.97,5757,5712.93,5731.18,178.86
1557064800,1557068399,5731.79,5736.9,5678.78,5721.98,478.13
1557068400,1557071999,5721.98,5722,5702,5711.41,216.56
1557072000,1557075599,5711.42,5715.12,5673.29,5701.5,376.08
1557075600,1557079199,5701.51,5708.04,5666.22,5672.15,247.66
1557079200,1557082799,5672.15,5716.88,5627.35,5714.58,569
1557082800,1557086399,5716.41,5724.51,5695.46,5705.75,198.55
1557086400,1557089999,5703.43,5775.13,5701.56,5771.36,448.76
1557090000,1557093599,5769.47,5782.22,5725.27,5744.93,263.63
1557093600,1557097199,5745.09,5750,5706.56,5706.99,202.31
1557097200,1557100799,5706.99,5743.8,5706.99,5713.14,105.52
1557100800,1557104399,5715.86,5731.09,5632.05,5666.03,759.48
1557104400,1557107999,5668.88,5685,5565.65,5615.7,1415.13
1557108000,1557111599,5614.34,5638.67,5605.96,5621.01,246.79
1557111600,1557115199,5621.02,5638,5613.12,5627.37,204.55
1557115200,1557118799,5627.38,5660,5608.04,5658.11,263.87
1557118800,1557122399,5658.15,5663.99,5639.25,5647.88,158.95
1557122400,1557125999,5647.88,5651.7,5588.71,5618.63,250.94
1557126000,1557129599,5618.63,5627.01,5571.67,5581.59,280.47
1557129600,1557133199,5581.59,5615,5564.93,5594.4,225.33
1557133200,1557136799,5594.4,5635,5594.39,5628.33,261.85
1557136800,1557140399,5628.33,5649,5612.61,5616.5,215.61
1557140400,1557143999,5616.5,5646.56,5616.49,5637.69,151.99
1557144000,1557147599,5637.7,5637.7,5610.6,5612.1,208.62
1557147600,1557151199,5612.09,5639.77,5612.09,5637.14,212.64
1557151200,1557154799,5637.14,5666.09,5637.13,5650.94,363.41
1557154800,1557158399,5650.94,5669.78,5642.9,5658.57,281.9
1557158400,1557161999,5658.87,5723.21,5658.87,5702.79,860.53
1557162000,1557165599,5702.79,5720,5687.77,5698.93,318.79
1557165600,1557169199,5698.92,5744.85,5698.2,5739.96,380.68
1557169200,1557172799,5739.94,5753.66,5713.16,5739.32,398.81
1557172800,1557176399,5739.32,5746.17,5651,5692.19,1015.18
1557176400,1557179999,5691.84,5704.99,5676.62,5690.83,299.51
1557180000,1557183599,5692.67,5720,5690.88,5706.51,228.02
1557183600,1557187199,5705.06,5709.08,5680.96,5687.9,141.87
1557187200,1557190799,5687.9,5761,5687.9,5745.01,469.23
1557190800,1557194399,5745.01,5779,5745,5749.83,357.94
1557194400,1557197999,5749.82,5924.44,5749.82,5924.21,1548.89
1557198000,1557201599,5923.61,5966.37,5872,5888.01,1805.97
1557201600,1557205199,5888.58,5905.44,5833.26,5886.74,879.71
1557205200,1557208799,5884.68,5915.09,5877.13,5883.98,278.39
1557208800,1557212399,5883.97,5895.43,5866.59,5887.18,170.48
1557212400,1557215999,5884.99,5886.26,5852.06,5877.56,431.18
1557216000,1557219599,5877.56,5886.65,5861,5869.89,161.01
1557219600,1557223199,5869.89,5923.47,5864.76,5910.19,363.28
1557223200,1557226799,5910.2,5920.03,5889.21,5895.88,179.2
1557226800,1557230399,5895.88,5895.88,5864.76,5890.21,172.26
1557230400,1557233999,5890.14,5920.54,5890,5909.99,287.03
1557234000,1557237599,5909.98,5950.3,5878.54,5950.29,555.94
1557237600,1557241199,5950.28,5974.51,5760,5832.73,2699.87
1557241200,1557244799,5832.63,5867.25,5827.33,5867.25,323.02
1557244800,1557248399,5867.5,5898.57,5855,5898.57,341.12
1557248400,1557251999,5898.56,5915.03,5885.44,5893.1,408.81
1557252000,1557255599,5893.11,5893.2,5866.11,5876.55,321.22
1557255600,1557259199,5876.72,5884.11,5791.2,5847,1097.16
1557259200,1557262799,5847,5874,5835.03,5845,337.88
1557262800,1557266399,5845,5888.95,5841,5887,212.28
1557266400,1557269999,5883.96,5895.26,5860.41,5891.6,233.01
1557270000,1557273599,5891.6,5902,5707.5,5743.3,2428.1
1557273600,1557277199,5748.47,5790,5656.26,5771.5,1855.14
1557277200,1557280799,5771.5,5800,5765.29,5789.96,508.53
1557280800,1557284399,5789.09,5810,5780.51,5787.26,387.67
1557284400,1557287999,5787.25,5796.96,5758.69,5780,417.37
1557288000,1557291599,5780,5814.81,5780,5812.72,146.37
1557291600,1557295199,5812.72,5812.73,5783.73,5799.55,155.19
1557295200,1557298799,5799.55,5841.81,5799.54,5826.24,131.6
1557298800,1557302399,5826.25,5840,5811.46,5819.07,168.34
1557302400,1557305999,5820.31,5843.05,5788.46,5801.8,144.25
1557306000,1557309599,5801.78,5824.97,5799.83,5808.22,77.69
1557309600,1557313199,5810.55,5840,5810.25,5834.62,263.87
1557313200,1557316799,5834.62,5874.97,5820.01,5847.52,275.25
1557316800,1557320399,5847.51,5870.45,5836.21,5851.89,282.82
1557320400,1557323999,5851.9,5862.27,5832.88,5859.03,273.41
1557324000,1557327599,5859.03,5872.52,5820,5861.07,399.16
1557327600,1557331199,5860.01,5905.66,5855.4,5892.46,682.73
1557331200,1557334799,5891.38,5913,5868.01,5870.34,618.13
1557334800,1557338399,5870.34,5889.75,5860.1,5880.26,590.29
1557338400,1557341999,5877.19,5889.99,5860,5882.82,572.76
1557342000,1557345599,5885.29,5913.16,5871.79,5904.25,889.36
1557345600,1557349199,5902.71,5908.4,5866.92,5900,747.9
1557349200,1557352799,5902.73,5910,5890,5896.99,374.77
1557352800,1557356399,5896.99,5948,5885,5935.01,692.1
1557356400,1557359999,5939.14,5990,5844.89,5948.41,2064.63
1557360000,1557363599,5947,6054.21,5934.49,6013.41,1707.72
1557363600,1557367199,6016.84,6098.21,6016,6052.53,2309.19
1557367200,1557370799,6051.02,6060,6030.9,6043.08,693.49
1557370800,1557374399,6043.07,6045,6022.01,6032.92,357.3
1557374400,1557377999,6032.92,6063.37,6032.91,6063.37,417.92
1557378000,1557381599,6063.9,6086,6040,6047.41,491.8
1557381600,1557385199,6045.01,6074.9,6032.91,6065.03,449.86
1557385200,1557388799,6066.32,6074.05,6047.09,6058.52,384.26
1557388800,1557392399,6059.9,6072.94,6045.31,6048.72,287.41
1557392400,1557395999,6049.99,6057.17,6000.62,6054.76,626.95
1557396000,1557399599,6054.77,6062.17,6040.39,6048,107.8
1557399600,1557403199,6048,6050,6021.72,6035.23,472.95
1557403200,1557406799,6034.77,6035.11,5981.01,5998.76,1042.28
1557406800,1557410399,5998.77,6016.8,5960,6010.01,925.45
1557410400,1557413999,6010,6018.9,5989.17,5999.99,394.31
1557414000,1557417599,6000,6015,5978.13,5998.94,379.9
1557417600,1557421199,5998.94,6053.64,5993,6053,409.35
1557421200,1557424799,6053,6061.47,6035.26,6058.65,444.39
1557424800,1557428399,6058.64,6071.54,6039.2,6049.23,456.97
1557428400,1557431999,6048.63,6075,6041.25,6066.8,400.96
1557432000,1557435599,6066.8,6084.98,6050.19,6082.94,450.81
1557435600,1557439199,6082.94,6139.99,6078.31,6119.81,1050.9
1557439200,1557442799,6119.84,6166.71,6105.3,6166.71,786.52
1557442800,1557446399,6167.28,6171.1,6112.34,6153.09,645.4
1557446400,1557449999,6153.09,6160,6110.3,6114.01,430.54
1557450000,1557453599,6114,6178.06,6108.81,6178.06,602.53
1557453600,1557457199,6178.39,6260,6160.01,6226.33,1366.74
1557457200,1557460799,6226.55,6319,6224.86,6279.29,2092.08
1557460800,1557464399,6279.28,6298.44,6219.39,6298.44,919.32
1557464400,1557467999,6298.44,6299.02,6254.53,6275.09,324.97
1557468000,1557471599,6275.09,6287.63,6247.93,6287,268.66
1557471600,1557475199,6287,6337.01,6263.14,6320.03,949.93
1557475200,1557478799,6320.02,6336.75,6260.41,6280.25,354.3
1557478800,1557482399,6280.25,6296.59,6256.25,6295.72,201.18
1557482400,1557485999,6296.59,6319.78,6272.38,6272.39,276.15
1557486000,1557489599,6272.39,6290,6265.96,6285,299.54
1557489600,1557493199,6285,6290.69,6240,6282.03,698.88
1557493200,1557496799,6282.03,6298.16,6264.1,6266.01,630.4
1557496800,1557500399,6266,6267.39,6235,6253.65,581.82
1557500400,1557503999,6253.65,6319.7,6240.04,6311.21,512.21
1557504000,1557507599,6308.32,6430,6297.42,6379,1602.29
1557507600,1557511199,6379,6418.54,6330,6409.71,1112.68
1557511200,1557514799,6409.71,6424.2,6376.53,6400,710.45
1557514800,1557518399,6400,6405,6361.94,6376.04,553.06
1557518400,1557521999,6376.01,6376.01,6231.79,6293.31,1646.67
1557522000,1557525599,6293.31,6337.5,6274.06,6329.87,624.26
1557525600,1557529199,6329.88,6390.68,6328,6390.68,449.02
1557529200,1557532799,6390.68,6390.69,6333.62,6343.14,391.05
1557532800,1557536399,6342.99,6392.56,6342.98,6377.55,331.35
1557536400,1557539999,6377.55,6484.44,6365.39,6484,1120.64
1557540000,1557543599,6484.44,6524.05,6440.51,6523.66,941.04
1557543600,1557547199,6523.66,6579.89,6516.71,6551.74,1270.27
1557547200,1557550799,6551.74,6785.3,6526.29,6696.37,2315.56
1557550800,1557554399,6690.36,6747,6635,6715,1481.5
1557554400,1557557999,6717.26,6989.95,6652.2,6812.77,5228
1557558000,1557561599,6812.77,6873.78,6767.99,6799.99,1258.43
1557561600,1557565199,6799.98,6816.78,6665.01,6677.41,1037.61
1557565200,1557568799,6677.41,6813.86,6677.4,6785.34,663.06
1557568800,1557572399,6784.33,6850,6780,6830.01,771.75
1557572400,1557575999,6830,6841.37,6780,6784.17,996.03
1557576000,1557579599,6785,6810.78,6731.2,6785.11,728.2
1557579600,1557583199,6784.57,6821.13,6775.01,6807.89,716.87
1557583200,1557586799,6807.9,6826.35,6750,6790,787.86
1557586800,1557590399,6790,6950,6756.28,6950,1207.17
1557590400,1557593999,6950,7044,6882.35,6930,2179.24
1557594000,1557597599,6929,6980,6875,6976,976.51
1557597600,1557601199,6976,7029.99,6919.82,6955.42,1592.84
1557601200,1557604799,6955.45,6959.06,6890.15,6936.72,757.76
1557604800,1557608399,6936.73,6980,6915,6969.69,483.22
1557608400,1557611999,6969.68,7088,6934.01,7082.01,911.71
1557612000,1557615599,7085.3,7350,7075,7240.77,4574.67
1557615600,1557619199,7240.01,7464.13,7200.62,7219.95,5479.8
1557619200,1557622799,7215.02,7324.45,6900,7072.06,5285.91
1557622800,1557626399,7075.22,7233.51,7072.19,7189.67,1683.24
1557626400,1557629999,7189.99,7270.76,7156.15,7163.67,1291.84
1557630000,1557633599,7162.17,7226.31,7111.32,7159.99,1194.11
1557633600,1557637199,7160,7235,7159.21,7194.87,510.49
1557637200,1557640799,7194.87,7380,7192.99,7330,996.69
1557640800,1557644399,7329.99,7443.32,7294.86,7392.59,1039.25
1557644400,1557647999,7389.14,7568.32,7379.94,7527.52,1809.65
1557648000,1557651599,7527.53,7581.82,7177.96,7433.75,3465.25
1557651600,1557655199,7436.95,7566.1,7260,7381.19,2498.83
1557655200,1557658799,7380,7465.46,7193,7267.84,1486.46
1557658800,1557662399,7263.56,7305.07,6945.43,7186.03,3899.17
1557662400,1557665999,7195.25,7197.42,7019.93,7172.95,1240.9
1557666000,1557669599,7172.96,7245,7105.5,7109.21,972.25
1557669600,1557673199,7109.32,7152.98,6905,6955.88,1420.96
1557673200,1557676799,6957.52,7024.99,6755,6866.53,3816.18
1557676800,1557680399,6868.29,6973.71,6800.41,6829.94,1364.96
1557680400,1557683999,6829.94,6957.13,6827.15,6926.06,906.82
1557684000,1557687599,6927.22,7081.71,6921.41,7078.01,901.82
1557687600,1557691199,7078,7078.02,6958.63,7027.98,661.19
1557691200,1557694799,7027.86,7178.79,6980.03,7174.01,820.1
1557694800,1557698399,7173.99,7176.52,7046,7155,788.38
1557698400,1557701999,7155,7159.99,6867.8,6987,2025.97
1557702000,1557705599,6984.79,6991.74,6864.26,6979.76,920.44
1557705600,1557709199,6979.24,7046.69,6864.93,7019.98,891.44
1557709200,1557712799,7019.98,7084.29,7008.78,7033.9,515.45
1557712800,1557716399,7027.37,7048.2,6980,7046.91,414.38
1557716400,1557719999,7046.91,7069.72,7001.02,7016.99,357.65
1557720000,1557723599,7016.98,7100,7005.15,7081.01,462.75
1557723600,1557727199,7081.02,7149.71,7033.63,7042.57,517.19
1557727200,1557730799,7044.96,7084.51,7014.51,7074.03,453.93
1557730800,1557734399,7074.02,7074.03,6991.04,7024.39,185.08
1557734400,1557737999,7029.62,7066.1,6999.99,7045.64,292.19
1557738000,1557741599,7045.63,7123.83,7045.63,7094.03,263.66
1557741600,1557745199,7093.98,7108.66,7045.08,7103.79,233.25
1557745200,1557748799,7103.78,7325,7071.76,7263.54,1446.83
1557748800,1557752399,7263.54,7350,7246,7343.04,1504.32
1557752400,1557755999,7343.05,7435.29,7342.91,7385.29,1671.59
1557756000,1557759599,7385.28,7543.53,7350,7516.14,2301.79
1557759600,1557763199,7515.96,7960,7483,7832.36,9301.6
1557763200,1557766799,7824.98,7980.42,7768.36,7923.91,4321.73
1557766800,1557770399,7922.25,7975,7780,7821.64,2958.01
1557770400,1557773999,7821.64,7905,7754.06,7865.52,1873.86
1557774000,1557777599,7865.51,7989.5,7820.33,7902.11,1883.24
1557777600,1557781199,7902.11,7943.76,7778.98,7868.55,1493.67
1557781200,1557784799,7868.54,8195,7859.23,8097.4,3707.75
1557784800,1557788399,8100.25,8175,7875.27,7938.04,3802.82
1557788400,1557791999,7936.42,7936.42,7600,7824.93,6379.38
1557792000,1557795599,7822.88,7982.32,7787.17,7906.08,1628.19
1557795600,1557799199,7906.08,8082.44,7905.38,7986.57,2165.68
1557799200,1557802799,7981.66,8010,7823.13,7916,1928.16
1557802800,1557806399,7913.09,7989.99,7875,7964.26,1129.7
1557806400,1557809999,7963.14,8062,7963.13,8017.01,1145.01
1557810000,1557813599,8019.94,8088.26,7970.55,7990.08,1063.26
1557813600,1557817199,7990.07,8060.01,7971,8059.32,557.04
1557817200,1557820799,8059.31,8325,8059.31,8325,2195.51
1557820800,1557824399,8325,8350,7891.37,7987.37,2738.68
1557824400,1557827999,7986.74,8150,7980.03,8057.89,1387.36
1557828000,1557831599,8051.43,8079.81,7912.56,8065.61,1638.02
1557831600,1557835199,8064.5,8100,8010.1,8040.27,651.41
1557835200,1557838799,8040.17,8226.63,8038.22,8214.99,1664.28
1557838800,1557842399,8211.14,8211.14,8084.56,8155.09,1218.9
1557842400,1557845999,8154.12,8195,7918.07,8058.65,2166.52
1557846000,1557849599,8059.3,8094.84,7942,7950.56,1023.14
1557849600,1557853199,7950.56,8033,7732.1,8010.82,2995.99
1557853200,1557856799,8008.3,8061.84,7936.09,8061.84,1243.59
1557856800,1557860399,8061.82,8061.83,7803.17,7820,2738.29
1557860400,1557863999,7820.01,7838.29,7698,7779.86,3047.46
1557864000,1557867599,7781.05,7877,7621.27,7722.08,1538.88
1557867600,1557871199,7725,7835.26,7625,7779.53,1054.38
1557871200,1557874799,7779.53,7954.51,7779.53,7923.22,1324.12
1557874800,1557878399,7925,8070,7854.6,7990.92,1294
1557878400,1557881999,7990.92,8155.8,7936.52,8020,1931.58
1557882000,1557885599,8020,8093.48,7968.94,8016.96,841.89
1557885600,1557889199,8016.95,8080,7960.71,8066.43,937.22
1557889200,1557892799,8066.43,8110,8023.12,8061.7,886.85
1557892800,1557896399,8061.73,8063.81,7980.5,8003,468.77
1557896400,1557899999,8003,8077.74,7997.93,8033.91,377.81
1557900000,1557903599,8033.92,8060.96,7984,8012.77,456.47
1557903600,1557907199,8015.84,8034.36,7831.77,7912.57,1264.85
1557907200,1557910799,7908.4,7968.68,7857.49,7887.01,274.15
1557910800,1557914399,7888.04,8087.23,7882.39,8084.74,514.72
1557914400,1557917999,8084.93,8175,8049.26,8058.11,864.59
1557918000,1557921599,8063.63,8110.01,7946.01,7983.51,614.33
1557921600,1557925199,7978.77,8029.82,7890.14,7989.34,856.2
1557925200,1557928799,7986.86,8071.46,7886.31,7984.21,1368.75
1557928800,1557932399,7984.21,8014.98,7924.53,7947.5,815.28
1557932400,1557935999,7948.32,8044.37,7941.63,8029.12,888.58
1557936000,1557939599,8029.13,8074.64,7936.33,8026.69,1620.7
1557939600,1557943199,8026.69,8142.76,8000.05,8114.98,1278.67
1557943200,1557946799,8116.99,8264.33,8061.78,8243.25,2395
1557946800,1557950399,8243.22,8262.99,8070.4,8205.18,1883.78
1557950400,1557953999,8206.18,8269.69,8132.98,8174.1,1139.78
1557954000,1557957599,8174.04,8191.71,8115.21,8146.31,511.82
1557957600,1557961199,8148.2,8219.99,8130.1,8194.06,802.67
1557961200,1557964799,8194.06,8308.16,8143.25,8203.32,1931.27
1557964800,1557968399,8203.33,8377.77,8157.94,8339.6,2221.14
1557968400,1557971999,8339.99,8388,8254.7,8324.42,1717.49
1557972000,1557975599,8324.41,8342.51,8251.85,8318.61,875.38
1557975600,1557979199,8318.62,8318.63,8210.35,8246.1,1008.55
1557979200,1557982799,8246.1,8246.1,7836.23,7971.21,4067.02
1557982800,1557986399,7974.51,8048,7941.42,7989.43,1678.5
1557986400,1557989999,7986.71,8131.56,7951,8126.16,723.06
1557990000,1557993599,8126.13,8127,8000,8000,682.13
1557993600,1557997199,8000.01,8052.19,7970.47,7978.68,581.48
1557997200,1558000799,7978.68,8063.59,7950,7974.62,624.01
1558000800,1558004399,7973.13,7997.64,7748.72,7849.61,2290.11
1558004400,1558007999,7851.54,7934.45,7825.03,7862.64,759.09
1558008000,1558011599,7860.9,7914.68,7754.52,7793.87,992.68
1558011600,1558015199,7794.69,7868.96,7790.32,7858.99,757.66
1558015200,1558018799,7855.59,8021.29,7853.08,7955.67,1196.75
1558018800,1558022399,7955.66,8041.33,7935.9,8021.67,1118.59
1558022400,1558025999,8020.06,8038.26,7907.12,7922.78,1196.89
1558026000,1558029599,7920.4,7959.73,7850,7918.8,848.61
1558029600,1558033199,7918.39,7964.87,7857.34,7901.71,556.24
1558033200,1558036799,7906.89,7914.12,7770.13,7835.81,1182.94
1558036800,1558040399,7839.98,7891.29,7666,7666,1271.23
1558040400,1558043999,7669.5,7960.13,7660.74,7920.34,1285.44
1558044000,1558047599,7922.03,7960.13,7817.5,7822.55,985.91435978
1558047600,1558051199,7823.84,7899.09,7816.43,7878.96,780.10142273
1558051200,1558054799,7881.39,7940.75,7871.11,7897.9,860.70492485
1558054800,1558058399,7897.9,7899.99,7765.47,7810.91,1130.47766825
1558058400,1558061999,7810.86,7835.31,7480.0,7484.69,2719.23061083
1558062000,1558065599,7482.19,7484.66,6600.0,7295.09,13277.41636525
1558065600,1558069199,7285.88,7444.64,7197.57,7229.98,2769.11105568
1558069200,1558072799,7227.33,7335.95,7112.0,7139.28,1797.3954674
1558072800,1558076399,7140.22,7227.13,7100.0,7167.38,1421.89585043
1558076400,1558079999,7167.69,7353.88,7167.11,7286.05,1170.43341166
1558080000,1558083599,7286.05,7306.31,7221.81,7284.45,925.13805251
1558083600,1558087199,7284.44,7319.06,7216.36,7290.62,574.85970061
1558087200,1558090799,7290.62,7290.62,7107.77,7219.69,1304.26689127
1558090800,1558094399,7218.11,7241.2,7039.99,7154.89,1523.2487581
1558094400,1558097999,7152.03,7162.87,6880.0,7101.6,2920.39976042
1558098000,1558101599,7101.6,7192.82,7038.55,7191.12,1417.08983022
1558101600,1558105199,7190.84,7278.03,7138.79,7145.51,1408.97765375
1558105200,1558108799,7145.12,7186.61,7065.05,7089.94,960.35079209
1558108800,1558112399,7089.43,7207.99,6982.93,7090.81,1603.46309738
1558112400,1558115999,7090.82,7125.0,6977.19,7044.64,1569.12477796
1558116000,1558119599,7044.64,7117.03,6970.51,7096.09,1535.62260901
1558119600,1558123199,7097.19,7145.17,7027.89,7136.88,1273.61672706
1558123200,1558126799,7134.16,7134.16,7056.41,7107.19,1101.70567711
1558126800,1558130399,7107.19,7266.66,7106.58,7259.33,1444.99981223
1558130400,1558133999,7258.33,7328.0,7200.0,7237.32,1256.67922336
1558134000,1558137599,7236.47,7383.0,7224.78,7363.69,1408.5113269
1558137600,1558141199,7363.85,7441.66,7268.79,7298.84,1234.91787008
1558141200,1558144799,7299.0,7351.21,7237.74,7276.52,582.3602116
1558144800,1558148399,7276.52,7331.61,7270.06,7309.74,530.65865223
1558148400,1558151999,7309.06,7390.0,7309.06,7380.78,580.08326495
1558152000,1558155599,7382.8,7427.41,7319.05,7419.48,600.03443869
1558155600,1558159199,7423.04,7491.22,7387.01,7445.07,659.9767063
1558159200,1558162799,7445.06,7445.07,7362.25,7382.56,534.19805227
1558162800,1558166399,7382.57,7394.03,7305.0,7335.15,546.31960265
1558166400,1558169999,7335.14,7389.64,7319.61,7338.66,196.65996206
1558170000,1558173599,7338.92,7338.92,7204.42,7308.25,631.23441583
1558173600,1558177199,7308.09,7319.1,7262.8,7290.58,370.01277169
1558177200,1558180799,7290.58,7369.0,7290.57,7324.61,362.76031204
1558180800,1558184399,7324.44,7358.12,7294.96,7309.99,256.81264296
1558184400,1558187999,7309.99,7340.96,7273.1,7335.0,288.39879009
1558188000,1558191599,7335.0,7380.0,7325.62,7356.13,401.27893723
1558191600,1558195199,7358.24,7409.53,7334.82,7356.2,367.29687367
1558195200,1558198799,7356.39,7383.66,7321.04,7355.99,294.23278499
1558198800,1558202399,7355.98,7359.3,7238.99,7299.68,708.30117914
1558202400,1558205999,7299.33,7299.69,7215.61,7266.1,510.07666512
1558206000,1558209599,7268.6,7306.49,7228.12,7237.17,323.44743248
1558209600,1558213199,7235.43,7299.04,7229.6,7298.5,200.9660028
1558213200,1558216799,7297.87,7350.0,7259.21,7333.3,240.38576587
1558216800,1558220399,7333.3,7343.66,7280.2,7294.99,227.7784363
1558220400,1558223999,7295.0,7337.46,7250.01,7262.4,426.20845952
1558224000,1558227599,7262.39,7317.46,7252.58,7292.9,245.80173005
1558227600,1558231199,7292.89,7650.0,7291.99,7604.99,2433.41599959
1558231200,1558234799,7604.0,7850.0,7604.0,7712.93,2867.15495343
1558234800,1558238399,7714.44,7973.12,7697.81,7949.83,1900.81238264
1558238400,1558241999,7949.83,8041.02,7846.54,7989.49,1600.07111409
1558242000,1558245599,7988.47,8025.42,7912.0,7941.92,770.04067174
1558245600,1558249199,7944.84,7993.85,7925.44,7930.94,296.20047319
1558249200,1558252799,7930.93,8018.34,7918.58,7968.22,400.6489715
1558252800,1558256399,7968.22,7992.94,7922.59,7979.51,343.7800257
1558256400,1558259999,7976.65,8100.0,7965.0,8099.99,982.87987797
1558260000,1558263599,8100.0,8155.0,8041.62,8085.46,780.83985078
1558263600,1558267199,8085.07,8118.05,8000.48,8031.64,815.75456529
1558267200,1558270799,8029.25,8054.47,7799.84,7962.91,1930.65956801
1558270800,1558274399,7963.0,7985.85,7842.73,7887.7,833.58283174
1558274400,1558277999,7885.0,7968.56,7881.34,7967.14,403.50846895
1558278000,1558281599,7965.2,8005.0,7909.73,7989.99,541.12161138
1558281600,1558285199,7989.99,7989.99,7888.46,7941.59,562.39825622
1558285200,1558288799,7943.47,8030.44,7930.18,7992.47,562.87583296
1558288800,1558292399,7992.46,7999.0,7955.11,7986.27,337.24904419
1558292400,1558295999,7982.69,8090.7,7943.27,7964.92,1011.07318048
1558296000,1558299599,7964.77,8032.1,7908.22,8025.39,526.87234586
1558299600,1558303199,8025.21,8088.88,8019.58,8076.41,656.1564258
1558303200,1558306799,8076.41,8266.01,8031.42,8219.39,2452.46059715
1558306800,1558310399,8216.75,8315.0,8178.2,8200.0,1914.99263197
1558310400,1558313999,8194.34,8199.53,7800.0,7936.14,3949.47400936
1558314000,1558317599,7936.01,7994.9,7868.27,7983.93,856.8310699
1558317600,1558321199,7985.67,7985.67,7878.45,7919.99,423.88348874
1558321200,1558324799,7918.33,8106.0,7918.33,8061.07,919.63139505
1558324800,1558328399,8059.75,8144.79,8022.33,8038.51,761.29624308
1558328400,1558331999,8040.15,8040.16,7942.16,8016.47,685.01129301
1558332000,1558335599,8016.47,8019.78,7855.91,7896.03,1103.67634575
1558335600,1558339199,7899.99,8017.22,7842.61,7913.86,1204.06707476
1558339200,1558342799,7913.09,7921.25,7727.54,7889.63,1417.26537072
1558342800,1558346399,7894.12,7953.9,7835.0,7905.37,657.12546755
1558346400,1558349999,7905.37,7969.99,7890.0,7921.62,484.55453989
1558350000,1558353599,7921.63,7964.53,7831.93,7863.06,516.30193099
1558353600,1558357199,7867.42,7929.19,7666.21,7728.44,1454.84654313
1558357200,1558360799,7727.87,7767.73,7570.31,7754.96,1789.98443978
1558360800,1558364399,7754.96,7828.34,7710.0,7821.64,785.18574787
1558364400,1558367999,7820.0,7851.46,7746.52,7844.95,692.81180618
1558368000,1558371599,7842.5,7899.01,7823.24,7841.03,657.98869094
1558371600,1558375199,7844.73,7875.0,7756.49,7759.22,636.73644273
1558375200,1558378799,7759.21,7804.71,7682.28,7729.32,838.08593945
1558378800,1558382399,7729.29,7864.0,7728.06,7819.56,578.6110301
1558382400,1558385999,7820.1,8025.0,7799.85,8017.01,1376.52592564
1558386000,1558389599,8008.07,8157.17,7997.2,8054.95,1955.12501232
1558389600,1558393199,8054.54,8117.58,7905.38,7912.92,978.33727306
1558393200,1558396799,7913.05,8019.95,7910.02,7999.54,678.72580327
1558396800,1558400399,7998.94,8058.0,7916.38,7942.56,720.29399482
1558400400,1558403999,7943.03,7994.99,7911.04,7942.07,431.67863962
1558404000,1558407599,7941.75,7943.14,7840.0,7918.88,830.30265276
1558407600,1558411199,7918.89,7974.5,7899.53,7929.62,432.8717293
1558411200,1558414799,7932.18,7939.25,7864.11,7889.71,441.36075064
1558414800,1558418399,7890.92,7927.0,7840.0,7911.78,374.70493987
1558418400,1558421999,7915.99,7949.0,7895.8,7933.44,418.53879089
1558422000,1558425599,7933.44,7984.5,7922.18,7934.96,401.16931392
1558425600,1558429199,7934.95,7981.36,7919.44,7944.64,184.80608545
1558429200,1558432799,7944.64,8032.49,7943.39,7987.26,330.27382695
1558432800,1558436399,7988.24,7997.81,7900.0,7931.89,308.03730742
1558436400,1558439999,7934.94,7959.03,7805.34,7883.38,764.13665917
1558440000,1558443599,7883.37,7924.31,7820.08,7898.61,445.66045476
1558443600,1558447199,7898.6,7998.98,7860.36,7932.52,887.90037577
1558447200,1558450799,7932.52,7971.1,7885.0,7957.0,530.17657755
1558450800,1558454399,7957.0,7972.0,7901.82,7928.57,450.89554518
1558454400,1558457999,7928.58,7949.93,7893.03,7919.65,412.17463345
1558458000,1558461599,7919.84,8019.0,7909.16,8012.23,656.09619524
1558461600,1558465199,8012.23,8070.0,7975.75,8025.87,1310.03007567
1558465200,1558468799,8030.76,8040.0,7985.94,8025.29,675.79373637
1558468800,1558472399,8022.59,8109.21,8017.04,8087.97,1063.7748299
1558472400,1558475999,8088.7,8112.99,7989.88,8001.61,641.94454237
1558476000,1558479599,8001.49,8002.73,7902.26,7979.17,1049.04717294
1558479600,1558483199,7975.77,8012.01,7951.7,7951.7,484.76475031
1558483200,1558486799,7951.69,8025.31,7946.06,8020.71,483.12907525
1558486800,1558490399,8021.08,8028.57,7939.98,7950.01,302.50710958
1558490400,1558493999,7950.01,7979.85,7915.17,7963.4,378.24741232
1558494000,1558497599,7963.4,7968.39,7927.43,7936.99,221.69252419
1558497600,1558501199,7936.03,7950.0,7853.54,7944.13,731.6280462
1558501200,1558504799,7945.88,7965.0,7922.64,7949.97,156.93950708
1558504800,1558508399,7949.01,7960.14,7924.04,7930.09,211.23295125
1558508400,1558511999,7935.87,7939.16,7900.0,7915.4,189.3836023
1558512000,1558515599,7915.55,7955.0,7915.55,7935.01,123.84682329
1558515600,1558519199,7937.7,7954.3,7886.45,7893.63,202.13193066
1558519200,1558522799,7888.32,7931.13,7861.99,7891.39,267.4196286
1558522800,1558526399,7889.17,7891.73,7755.04,7815.45,1349.23075158
1558526400,1558529999,7815.45,7864.97,7785.61,7788.62,417.47954167
1558530000,1558533599,7788.66,7873.31,7777.77,7869.99,607.32951513
1558533600,1558537199,7869.99,7895.23,7850.0,7880.99,457.68433779
1558537200,1558540799,7880.98,8044.32,7857.69,7984.01,1609.03020233
1558540800,1558544399,7984.01,7989.0,7936.31,7955.32,576.4283624
1558544400,1558547999,7955.34,7971.45,7862.47,7906.08,587.42122726
1558548000,1558551599,7906.2,7944.09,7862.08,7930.01,374.72301638
1558551600,1558555199,7930.01,7934.96,7881.22,7933.97,250.72777411
1558555200,1558558799,7932.66,7945.5,7682.0,7827.01,3149.37938726
1558558800,1558562399,7827.01,7840.44,7620.42,7672.29,1224.73058411
1558562400,1558565999,7671.72,7740.0,7506.12,7718.8,2684.88863701
1558566000,1558569599,7715.42,7729.0,7608.44,7626.48,965.44322026
1558569600,1558573199,7622.25,7653.93,7530.55,7643.87,1399.57578863
1558573200,1558576799,7643.87,7682.42,7585.2,7623.29,595.48879761
1558576800,1558580399,7623.98,7685.0,7610.0,7665.17,510.12659477
1558580400,1558583999,7662.3,7673.65,7615.6,7673.65,392.67246032
1558584000,1558587599,7673.62,7694.04,7636.95,7665.05,199.77136564
1558587600,1558591199,7663.3,7669.99,7572.0,7623.59,468.08276267
1558591200,1558594799,7618.66,7654.33,7561.0,7651.43,661.23597042
1558594800,1558598399,7651.35,7658.38,7580.83,7596.99,191.14972698
1558598400,1558601999,7596.62,7598.71,7548.62,7566.36,372.66169596
1558602000,1558605599,7562.34,7583.98,7467.1,7583.98,960.34007434
1558605600,1558609199,7583.98,7649.25,7573.33,7633.82,385.74266942
1558609200,1558612799,7635.79,7651.07,7594.46,7598.02,334.19756387
1558612800,1558616399,7598.02,7643.32,7555.88,7630.26,414.96128663
1558616400,1558619999,7629.09,7699.0,7621.59,7666.74,577.83375401
1558620000,1558623599,7667.06,7752.25,7666.5,7733.0,752.17362757
1558623600,1558627199,7733.0,7825.91,7733.0,7773.1,805.20626273
1558627200,1558630799,7773.01,7858.02,7770.0,7825.2,951.03406722
1558630800,1558634399,7829.96,7885.0,7753.96,7777.39,964.89072257
1558634400,1558637999,7775.54,7819.08,7761.86,7773.15,311.64171687
1558638000,1558641599,7774.99,7796.36,7726.79,7784.26,342.17212006
1558641600,1558645199,7786.58,7884.04,7773.77,7882.81,756.72279795
1558645200,1558648799,7881.52,7950.0,7820.0,7919.66,966.24302715
1558648800,1558652399,7917.76,7984.9,7877.19,7905.88,1066.11363836
1558652400,1558655999,7908.07,7943.37,7854.03,7881.98,525.91106992
1558656000,1558659599,7878.16,7891.0,7829.34,7877.29,405.03921154
1558659600,1558663199,7877.7,7937.92,7845.2,7855.36,474.57190747
1558663200,1558666799,7855.33,7880.83,7835,7861.58,311.23002083
1558666800,1558670399,7861.55,7888.54,7830,7879.89,504.94062819
1558670400,1558673999,7879.88,7896.15,7830.0,7841.61,418.89069703
1558674000,1558677599,7841.53,7847.91,7794.73,7845.0,275.54063817
1558677600,1558681199,7845.0,7879.94,7822.92,7877.96,242.94199667
1558681200,1558684799,7879.61,7905.75,7855.0,7879.62,597.86560665
1558684800,1558688399,7879.62,8033,7879.62,7972.0,1178.8289753
1558688400,1558691999,7971.99,7999,7945.0,7974.82,590.64303338
1558692000,1558695599,7974.82,8033.0,7965.01,7985.55,691.77437281
1558695600,1558699199,7985.4,8070.69,7973.0,8035.2,1086.17898792
1558699200,1558702799,8035.27,8048.0,7997.3,8045.0,531.17381465
1558702800,1558706399,8044.99,8045.01,7975.01,7989.4,446.64667257
1558706400,1558709999,7987.3,8060.0,7982.51,8059.99,528.1022497
1558710000,1558713599,8060.0,8141.3,8054.03,8106.49,1694.72211523
1558713600,1558717199,8104.05,8175.0,8086.7,8090.01,1092.00553878
1558717200,1558720799,8088.16,8116.24,8038.41,8073.11,672.53870319
1558720800,1558724399,8071.85,8097.5,8054.62,8079.12,405.78680811
1558724400,1558727999,8072.8,8073.41,8010.26,8063.93,447.20122345
1558728000,1558731599,8063.91,8110,8053.0,8109.47,614.36446629
1558731600,1558735199,8109.53,8130,8050.75,8058.3,380.11915815
1558735200,1558738799,8058.71,8097.87,8028.0,8037.76,341.53024627
1558738800,1558742399,8037.94,8040.0,7922.05,8001.7,835.30158236
1558742400,1558745999,8001.69,8022.0,7970.0,8005.0,325.85096222
1558746000,1558749599,8005.01,8066.58,7994.43,8046.25,270.47773951
1558749600,1558753199,8045.93,8046.82,8010,8034.99,132.0373124
1558753200,1558756799,8035.0,8045.09,8006,8011.0,217.97564457
1558756800,1558760399,8011.39,8032.83,8006.0,8014.9,140.09076713
1558760400,1558763999,8014.89,8018.54,7975.97,7980.93,159.72763929
1558764000,1558767599,7980.92,8009.98,7941.25,7971.17,148.30144213
1558767600,1558771199,7972.2,7995.0,7958.22,7991.39,70.01838322
1558771200,1558774799,7991.39,8034.42,7975.51,8034.42,155.32326165
1558774800,1558778399,8034.42,8095.03,8018.0,8092.86,265.4081919
1558778400,1558781999,8090.62,8119,8075.01,8099.8,317.27625264
1558782000,1558785599,8100.7,8149,8087.0,8099.98,316.77880797
1558785600,1558789199,8099.97,8120,8055.0,8109.99,315.25537447
1558789200,1558792799,8109.83,8110,8021.54,8054.15,252.2979629
1558792800,1558796399,8054.15,8079.49,8025.23,8079.49,177.04174432
1558796400,1558799999,8079.51,8106.07,8053.26,8068.74,168.35885758
1558800000,1558803599,8071.12,8087.75,8029.49,8049.99,234.00880148
1558803600,1558807199,8050.0,8075.0,8030.61,8065.51,133.73138261
1558807200,1558810799,8065.5,8100.0,8031.88,8046.21,290.37555254
1558810800,1558814399,8046.21,8049.88,7968.3,8021.91,543.43902904
1558814400,1558817999,8021.9,8068.3,8021.9,8043.74,139.78313535
1558818000,1558821599,8044.79,8075.0,8040.0,8051.89,229.95288333
1558821600,1558825199,8051.88,8083,8051.49,8083.0,177.09760103
1558825200,1558828799,8083.0,8084,8033.13,8063.81,192.65713476
1558828800,1558832399,8063.68,8084.0,8051.39,8054.94,155.13185649
1558832400,1558835999,8054.94,8054.95,8032.53,8043.17,105.46057554
1558836000,1558839599,8043.18,8068.08,8014.07,8022.65,133.48835238
1558839600,1558843199,8022.63,8040.0,7985.12,8003.49,308.18272548
1558843200,1558846799,8003.49,8045.0,7977.76,8033.13,220.7118126
1558846800,1558850399,8033.12,8033.13,7977.0,8002.03,215.25941036
1558850400,1558853999,8002.03,8009.61,7933.22,8001.45,259.31359862
1558854000,1558857599,8001.46,8019.29,7975.68,7994.2,208.20787797
1558857600,1558861199,7994.21,8014.49,7984.89,8014.43,146.89126564
1558861200,1558864799,8014.43,8022.05,8006.12,8006.12,48.90269713
1558864800,1558868399,8006.13,8006.13,7950.21,7985.0,126.94790579
1558868400,1558871999,7985.0,7985.01,7881.7,7935.0,380.21268733
1558872000,1558875599,7934.81,7969.99,7901.01,7952.92,158.34004465
1558875600,1558879199,7953.04,8005.0,7929.7,7994.28,174.01081512
1558879200,1558882799,7998.95,8009.36,7981.84,8009.31,181.66089695
1558882800,1558886399,8009.42,8030.0,7985.0,8028.04,149.89393641
1558886400,1558889999,8021.94,8028.43,7987.86,8002.96,161.55947368
1558890000,1558893599,8002.97,8020,7987.83,7999.01,125.56074979
1558893600,1558897199,7999.01,8019,7995.0,8018.41,117.81790569
1558897200,1558900799,8017.59,8610,8017.59,8566.0,6400.19930365
1558900800,1558904399,8569.97,8793.97,8525,8577.33,4418.66197118
1558904400,1558907999,8579.97,8672.5,8510,8640.6,1794.92343137
1558908000,1558911599,8640.6,8787,8633.38,8678.89,2098.79187531
1558911600,1558915199,8679.0,8775,8670.0,8731.72,1340.67651572
1558915200,1558918799,8732.34,8943.33,8731.54,8888.0,2607.35556563
1558918800,1558922399,8892.02,8947.88,8804.28,8837.78,1343.43605987
1558922400,1558925999,8837.75,8846.0,8675.0,8760.47,1966.17512926
1558926000,1558929599,8760.47,8819.94,8753.31,8770.26,819.24256768
1558929600,1558933199,8770.26,8785.71,8695.0,8728.95,571.56049375
1558933200,1558936799,8728.86,8767.44,8705.98,8739.74,353.14047256
1558936800,1558940399,8739.75,8773.86,8732.21,8760.32,315.79147103
1558940400,1558943999,8762.76,8804.2,8761.95,8777.39,340.8939412
1558944000,1558947599,8777.12,8777.12,8725,8731.48,245.95606114
1558947600,1558951199,8731.44,8773.8,8720,8758.09,147.29037066
1558951200,1558954799,8754.35,8762.49,8720.01,8753.75,227.73614585
1558954800,1558958399,8751.61,8751.61,8680.01,8731.31,347.27532414
1558958400,1558961999,8726.92,8844.05,8722.36,8820.86,748.69307203
1558962000,1558965599,8822.87,8860.64,8791.0,8809.64,543.6032573
1558965600,1558969199,8809.63,8829.96,8761.54,8786.84,444.50882226
1558969200,1558972799,8786.84,8920.0,8786.83,8846.97,1002.1064129
1558972800,1558976399,8846.97,8930,8611.44,8702.59,2510.69551499
1558976400,1558979999,8705.0,8770,8690.0,8712.32,925.75634041
1558980000,1558983599,8712.32,8837.0,8701.2,8806.97,530.18051661
1558983600,1558987199,8806.37,8839.86,8771.45,8812.34,444.28878748
1558987200,1558990799,8812.33,8850.0,8718.86,8758.21,555.93125107
1558990800,1558994399,8755.98,8821.48,8730.8,8813.42,357.47320899
1558994400,1558997999,8813.42,8818.0,8764.0,8812.62,204.6886627
1558998000,1559001599,8814.94,8850.47,8757.99,8772.29,609.94273168
1559001600,1559005199,8772.29,8816.18,8750.01,8760.34,396.06082012
1559005200,1559008799,8760.0,8809.01,8750.0,8785.56,295.4185479
1559008800,1559012399,8788.39,8822.46,8782.16,8795.0,450.21066852
1559012400,1559015999,8794.99,8796.0,8755.05,8793.1,275.81314243
1559016000,1559019599,8793.1,8805.55,8771.44,8771.87,234.45337604
1559019600,1559023199,8771.88,8794.49,8713.0,8752.5,507.08699227
1559023200,1559026799,8752.52,8759.93,8704.64,8718.67,1209.04538013
1559026800,1559030399,8718.67,8749.0,8660.08,8744.96,739.96345677
1559030400,1559033999,8743.0,8744.96,8706.16,8729.12,268.47387898
1559034000,1559037599,8729.1,8754.87,8711.49,8722.7,255.70263235
1559037600,1559041199,8722.7,8732.12,8663.5,8703.48,406.85487512
1559041200,1559044799,8702.66,8755.0,8691.64,8750.0,363.47492576
1559044800,1559048399,8749.99,8770.0,8713.54,8719.93,466.42746231
1559048400,1559051999,8719.94,8741.77,8545.0,8664.09,1510.98784194
1559052000,1559055599,8663.81,8700.75,8650.01,8700.0,414.7670211
1559055600,1559059199,8700.0,8713.9,8679.0,8702.45,386.52696534
1559059200,1559062799,8702.0,8703.87,8637.4,8659.38,454.97562199
1559062800,1559066399,8659.37,8800.0,8650.75,8740.01,876.93699721
1559066400,1559069999,8746.01,8770,8707.23,8742.4,530.183889
1559070000,1559073599,8742.39,8775,8627.15,8696.0,652.71764554
1559073600,1559077199,8696.38,8714.99,8680.58,8686.0,299.23475481
1559077200,1559080799,8686.95,8715.94,8662.25,8714.1,340.99621446
1559080800,1559084399,8714.1,8737,8682.0,8704.42,281.95133842
1559084400,1559087999,8704.42,8750,8682.7,8715.36,372.21419799
1559088000,1559091599,8715.36,8715.36,8665.0,8683.29,330.03574507
1559091600,1559095199,8683.13,8717.74,8656.53,8659.96,388.47378129
1559095200,1559098799,8659.97,8670.5,8610.0,8637.99,541.74396018
1559098800,1559102399,8636.37,8668.33,8615.59,8638.66,348.66371245
1559102400,1559105999,8638.66,8659.1,8505.75,8586.59,989.61387622
1559106000,1559109599,8586.6,8599.0,8426.09,8457.78,1438.77071171
1559109600,1559113199,8457.78,8533.9,8440.37,8499.98,531.76865654
1559113200,1559116799,8499.9,8560.0,8496.43,8530.02,316.91511387
1559116800,1559120399,8530.01,8622.0,8511.56,8586.82,330.15232824
1559120400,1559123999,8586.81,8631.38,8551.05,8624.63,350.67332888
1559124000,1559127599,8624,8687.0,8620.01,8654.01,423.60606983
1559127600,1559131199,8654,8668.19,8619.43,8625.68,282.49922203
1559131200,1559134799,8625.69,8651.49,8614.37,8647.99,331.3470242
1559134800,1559138399,8647.99,8760.43,8630.95,8732.37,901.65294819
1559138400,1559141999,8733.97,8757.13,8685.37,8699.79,864.56805484
1559142000,1559145599,8699.78,8740.0,8680.0,8701.88,539.31889763
1559145600,1559149199,8695.13,8749.99,8650.0,8727.2,523.92998986
1559149200,1559152799,8727.21,8745.1,8679.85,8679.85,501.53208235
1559152800,1559156399,8679.86,8704.87,8653.06,8677.91,373.80475964
1559156400,1559159999,8677.9,8705.0,8677.9,8699.6,295.03220981
1559160000,1559163599,8699.61,8718.0,8616.76,8647.13,646.4744847
1559163600,1559167199,8647.12,8678.32,8633.98,8660.01,409.7341976
1559167200,1559170799,8660.01,8700.39,8660.0,8671.92,336.57476387
1559170800,1559174399,8671.68,8690.7,8627.93,8662.44,330.71947048
1559174400,1559177999,8662.44,8683,8606.32,8680.11,580.56635133
1559178000,1559181599,8682.0,8730,8562.36,8636.94,1328.89220354
1559181600,1559185199,8636.87,8637.46,8562.12,8604.4,619.30033159
1559185200,1559188799,8604.53,8698.72,8601.48,8690.0,794.05611318
1559188800,1559192399,8690.01,8699.5,8666.99,8683.92,489.90583441
1559192400,1559195999,8683.93,8772.82,8683.93,8710.0,948.02206863
1559196000,1559199599,8717.19,8743.73,8701.92,8708.38,413.52757042
1559199600,1559203199,8707.6,8724.22,8687.11,8695.36,259.86564539
1559203200,1559206799,8695.36,8718.22,8664.5,8700.44,261.70205106
1559206800,1559210399,8700.43,8711.71,8676.55,8705.0,154.91593497
1559210400,1559213999,8705.0,8757.15,8704.99,8720.96,252.61299782
1559214000,1559217599,8718.18,8749.47,8710.26,8715.01,298.46168488
1559217600,1559221199,8715.01,8745.65,8680,8711.95,429.61822927
1559221200,1559224799,8711.96,8740.0,8705,8705.01,302.52299134
1559224800,1559228399,8705.01,8738.22,8705.0,8726.98,339.82173873
1559228400,1559231999,8726.98,8948.0,8726.97,8945.15,1441.66741315
1559232000,1559235599,8941.95,9090.0,8550.0,8667.82,6111.7826906
1559235600,1559239199,8668.33,8669.99,8530.27,8621.0,2720.04577837
1559239200,1559242799,8621.0,8658.85,8585.0,8655.58,882.31532304
1559242800,1559246399,8655.57,8664.15,8559.79,8620.01,839.89886902
1559246400,1559249999,8620.01,8620.08,8377,8467.86,2930.29951141
1559250000,1559253599,8467.86,8499.0,7972,8209.98,5864.23612399
1559253600,1559257199,8209.98,8319.96,8163.74,8270.0,2361.94036187
1559257200,1559260799,8270.0,8305.26,8207.98,8279.69,1081.61879266
1559260800,1559264399,8279.69,8341.8,8273.56,8304.1,663.61900845
1559264400,1559267999,8304.13,8375.0,8300.0,8333.09,593.59052541
1559268000,1559271599,8332.76,8338.0,8256.84,8276.87,425.28046924
1559271600,1559275199,8276.87,8294.86,8208.94,8271.94,612.62533784
1559275200,1559278799,8270.14,8286.96,8145.39,8153.58,911.15765386
1559278800,1559282399,8153.58,8240.59,8110.0,8225.02,646.03742709
1559282400,1559285999,8225.02,8290.0,8225.01,8279.21,295.10727691
1559286000,1559289599,8279.01,8308.19,8234.92,8297.99,512.58087347
1559289600,1559293199,8304.32,8324.99,8258.66,8268.82,467.68988459
1559293200,1559296799,8268.82,8320.0,8268.82,8293.55,327.25882272
1559296800,1559300399,8293.56,8334.99,8259.63,8279.51,627.32781283
1559300400,1559303999,8278.43,8278.43,8195.06,8248.29,1208.31342153
1559304000,1559307599,8248.3,8308.0,8230.31,8304.68,490.51953404
1559307600,1559311199,8304.68,8435.47,8304.68,8422.4,1238.1349915
1559311200,1559314799,8422.4,8460.0,8361.02,8421.24,739.864162
1559314800,1559318399,8421.24,8438.23,8289.9,8350.17,826.12076452
1559318400,1559321999,8350.13,8468.88,8302.0,8386.44,1177.26782335
1559322000,1559325599,8386.43,8446.47,8360.05,8409.58,627.98359316
1559325600,1559329199,8409.79,8472.0,8378.34,8394.46,989.60635081
1559329200,1559332799,8394.45,8455.99,8391.57,8444.63,645.40627151
1559332800,1559336399,8444.63,8525.9,8424.75,8504.5,877.18367241
1559336400,1559339999,8504.5,8548.01,8488.98,8528.15,650.25092762
1559340000,1559343599,8528.14,8529.13,8482,8512.14,439.73666361
1559343600,1559347199,8512.01,8580.0,8512,8554.06,606.32743143
1559347200,1559350799,8554.06,8580.0,8505.55,8580.0,653.64323075
1559350800,1559354399,8579.99,8579.99,8524.5,8550.96,457.82620329
1559354400,1559357999,8550.96,8557.39,8508.15,8543.58,313.91742687
1559358000,1559361599,8543.57,8560.84,8527.98,8543.94,248.93521242
1559361600,1559365199,8543.95,8555.0,8521.75,8545.46,192.41567246
1559365200,1559368799,8545.46,8545.46,8464.88,8475.26,476.12485168
1559368800,1559372399,8475.26,8533.07,8452.21,8522.02,292.97627816
1559372400,1559375999,8519.84,8542.32,8498.09,8536.35,139.87179382
1559376000,1559379599,8536.35,8563.31,8515.0,8557.54,151.74170799
1559379600,1559383199,8557.53,8618.0,8555.95,8576.21,585.30042196
1559383200,1559386799,8578.52,8607.4,8550.0,8551.48,212.71258827
1559386800,1559390399,8551.48,8580.0,8533.34,8572.15,402.37390071
1559390400,1559393999,8573.43,8580.0,8545.01,8555.9,234.37660187
1559394000,1559397599,8555.91,8555.91,8520.0,8520.0,306.78965236
1559397600,1559401199,8520.01,8542.1,8474.0,8498.24,380.84763778
1559401200,1559404799,8496.03,8536.0,8489.17,8531.64,206.95807971
1559404800,1559408399,8535.48,8574.99,8529.25,8567.59,242.19620261
1559408400,1559411999,8567.73,8567.73,8514.87,8528.34,315.13229325
1559412000,1559415599,8528.14,8549.12,8502.91,8502.92,290.31828574
1559415600,1559419199,8502.92,8550.82,8480.03,8537.79,324.13219486
1559419200,1559422799,8535.8,8562.01,8529.29,8540.0,165.45478057
1559422800,1559426399,8540.0,8609.29,8533.22,8597.86,322.54516728
1559426400,1559429999,8597.82,8604.9,8542,8584.13,242.50056082
1559430000,1559433599,8584.11,8591.97,8530,8558.95,326.94079225
1559433600,1559437199,8558.8,8588.63,8550.0,8570.01,175.1389058
1559437200,1559440799,8570.0,8606.53,8562.23,8582.65,192.6403566
1559440800,1559444399,8582.65,8598.11,8559.58,8565.15,171.40995724
1559444400,1559447999,8565.15,8579.4,8552.67,8560.2,157.73824296
1559448000,1559451599,8560.19,8587.0,8560.19,8586.54,134.66567747
1559451600,1559455199,8586.54,8593.89,8563.3,8593.89,177.9040488
1559455200,1559458799,8593.88,8600.0,8572.02,8583.01,151.55331977
1559458800,1559462399,8585.5,8743.99,8585.5,8707.97,546.88244138
1559462400,1559465999,8707.97,8762.77,8682.7,8739.68,366.27189695
1559466000,1559469599,8739.67,8762.44,8706.11,8717.98,184.80023217
1559469600,1559473199,8717.98,8737.85,8693.85,8734.1,127.94008713
1559473200,1559476799,8734.06,8747.93,8720.0,8746.33,100.10569308
1559476800,1559480399,8746.33,8834.0,8746.32,8811.5,487.56313108
1559480400,1559483999,8811.51,8811.51,8610.26,8692.63,613.29220692
1559484000,1559487599,8692.76,8734.55,8668.67,8702.84,313.76803943
1559487600,1559491199,8702.79,8740.28,8691.55,8713.82,238.56857964
1559491200,1559494799,8713.82,8729.01,8675.0,8699.68,213.02516148
1559494800,1559498399,8696.16,8715.0,8652.01,8662.01,257.12846614
1559498400,1559501999,8662.81,8694.4,8633.94,8691.02,212.89058403
1559502000,1559505599,8690.0,8693.26,8646.47,8682.22,128.56875165
1559505600,1559509199,8685.48,8720.0,8659.81,8689.41,233.23136504
1559509200,1559512799,8689.42,8723.15,8659.49,8715.0,163.0494966
1559512800,1559516399,8715.0,8755.49,8686.53,8744.97,302.59767398
1559516400,1559519999,8744.88,8760.0,8721.27,8736.55,214.55248097
1559520000,1559523599,8736.55,8742.48,8665.0,8676.03,316.75574336
1559523600,1559527199,8676.03,8710.0,8605.38,8692.59,447.93715436
1559527200,1559530799,8692.54,8709.01,8652,8671.02,353.04769045
1559530800,1559534399,8671.03,8705.0,8670,8679.0,318.65333923
1559534400,1559537999,8679.0,8695.21,8660.0,8687.05,175.67991668
1559538000,1559541599,8684.81,8684.81,8547.02,8588.4,524.20949305
1559541600,1559545199,8585.13,8619.99,8465.0,8522.45,794.07209533
1559545200,1559548799,8524.84,8527.08,8330.03,8468.0,1229.49700018
1559548800,1559552399,8468.0,8512.69,8457.5,8460.15,322.64187432
1559552400,1559555999,8457.01,8484.0,8413.3,8471.53,298.67456491
1559556000,1559559599,8471.32,8537.58,8464.01,8536.39,143.17323842
1559559600,1559563199,8536.4,8536.82,8475.11,8495.17,285.20328468
1559563200,1559566799,8490.97,8563.44,8464.28,8529.38,327.66982231
1559566800,1559570399,8529.38,8530.0,8432.97,8439.89,446.17235859
1559570400,1559573999,8439.88,8493,8339.33,8404.63,1066.03316043
1559574000,1559577599,8404.62,8483,8327.45,8481.7,1408.36335092
1559577600,1559581199,8480.46,8550.0,8440.33,8536.95,542.60563781
1559581200,1559584799,8536.96,8547.38,8462.77,8473.71,445.38449603
1559584800,1559588399,8473.98,8588.66,8473.71,8554.62,508.53206654
1559588400,1559591999,8554.62,8573.0,8531.0,8561.0,232.80833905
1559592000,1559595599,8561.0,8573.29,8520.0,8552.79,303.66056155
1559595600,1559599199,8552.8,8560.52,8455.64,8484.0,454.92992553
1559599200,1559602799,8483.64,8497.56,8401.0,8475.91,514.76980734
1559602800,1559606399,8475.11,8476.11,8030.46,8107.96,5217.21889312
1559606400,1559609999,8104.95,8104.95,7700.0,7955.07,7348.28693491
1559610000,1559613599,7954.84,8025.0,7930.43,7985.0,1150.86581714
1559613600,1559617199,7984.99,8020,7943.47,8019.99,642.1622422
1559617200,1559620799,8019.98,8020,7880.0,7886.37,689.56016214
1559620800,1559624399,7886.41,7981.8,7843.77,7952.99,969.65456982
1559624400,1559627999,7950.0,7980.86,7920.0,7933.14,306.98063317
1559628000,1559631599,7932.66,7932.99,7789.87,7842.85,1031.12290269
1559631600,1559635199,7846.83,7875.35,7742.28,7865.04,907.04432711
1559635200,1559638799,7868.12,7950.57,7864.5,7931.56,487.34599864
1559638800,1559642399,7931.32,7969.9,7880.42,7935.02,327.08402369
1559642400,1559645999,7930.01,7975.51,7913.35,7957.04,490.389967
1559646000,1559649599,7956.68,7957.78,7881.0,7907.2,393.39399284
1559649600,1559653199,7905.73,7944.64,7850.0,7939.54,601.87553844
1559653200,1559656799,7939.53,8016.98,7925.01,8000.0,679.68703153
1559656800,1559660399,7999.99,8000,7945.85,7955.0,433.09433625
1559660400,1559663999,7954.88,7995,7912.0,7933.33,481.71653093
1559664000,1559667599,7933.33,7960.0,7877.88,7912.21,491.26966221
1559667600,1559671199,7916.6,7928.35,7560.0,7597.58,4329.43358359
1559671200,1559674799,7597.58,7720.99,7590.01,7666.99,1502.86513032
1559674800,1559678399,7666.18,7676.27,7500.0,7602.59,2643.44688653
1559678400,1559681999,7606.35,7676.85,7566.34,7653.72,784.83134966
1559682000,1559685599,7653.64,7712.8,7432.57,7437.76,1342.92107579
1559685600,1559689199,7437.76,7672.15,7427.0,7646.08,1941.95922425
1559689200,1559692799,7646.11,7680.0,7614.31,7670.96,509.58846731
1559692800,1559696399,7671.07,7792.82,7671.06,7750.99,1109.30479014
1559696400,1559699999,7750.96,7791.33,7735.0,7759.31,371.78522818
1559700000,1559703599,7759.29,7868.28,7750.0,7833.93,707.10540383
1559703600,1559707199,7834.79,7847.04,7788.21,7797.62,303.80930671
1559707200,1559710799,7798.12,7822.4,7759.0,7793.91,202.74157923
1559710800,1559714399,7793.9,7819.47,7742.31,7753.87,310.65977746
1559714400,1559717999,7751.94,7777.77,7700.0,7753.08,402.88904361
1559718000,1559721599,7754.15,7836.0,7741.24,7828.3,313.95268297
1559721600,1559725199,7828.3,7847,7781.08,7810.78,138.35807251
1559725200,1559728799,7810.78,7834,7772.67,7806.41,223.92113629
1559728800,1559732399,7806.48,7889.0,7773.99,7855.05,267.27873677
1559732400,1559735999,7855.05,7888.99,7755.89,7789.8,587.89712895
1559736000,1559739599,7790.27,7819.67,7748.31,7769.53,388.72785646
1559739600,1559743199,7769.55,7797.15,7747.24,7781.72,325.05994249
1559743200,1559746799,7781.65,7798.92,7642.39,7691.87,771.50746199
1559746800,1559750399,7696.18,7719.01,7570.0,7641.25,868.46575831
1559750400,1559753999,7640.98,7781.36,7634.08,7755.57,713.72328326
1559754000,1559757599,7755.9,7839.88,7725.0,7799.62,635.95267068
1559757600,1559761199,7799.99,7810.59,7736.58,7766.91,395.15423878
1559761200,1559764799,7767.21,7850.0,7767.21,7792.89,597.45324682
1559764800,1559768399,7792.89,7932.87,7660.15,7734.86,2016.87527816
1559768400,1559771999,7734.86,7761.29,7618.44,7736.94,592.90734474
1559772000,1559775599,7736.94,7798.48,7689.08,7788.38,454.10898433
1559775600,1559779199,7788.38,7843.88,7773.23,7789.48,594.579485
1559779200,1559782799,7787.36,7829.78,7750.68,7800.12,377.62703108
1559782800,1559786399,7800.09,7874.68,7784.81,7840.54,356.71018397
1559786400,1559789999,7840.38,7861,7802.85,7821.69,373.63273721
1559790000,1559793599,7821.68,7870,7817.13,7865.81,220.17986905
1559793600,1559797199,7865.32,7865.32,7811.01,7832.6,186.32347067
1559797200,1559800799,7832.59,7841.0,7770.0,7795.0,316.22090526
1559800800,1559804399,7794.99,7820.37,7786.32,7814.0,134.77191885
1559804400,1559807999,7814.0,7827.0,7760.0,7768.17,135.26680404
1559808000,1559811599,7768.17,7810,7740.5,7810.0,149.09494144
1559811600,1559815199,7809.99,7820,7770.6,7774.79,156.50994302
1559815200,1559818799,7775.11,7815.0,7766.65,7810.48,117.60329915
1559818800,1559822399,7809.03,7856.78,7802.86,7850.3,218.0495811
1559822400,1559825999,7850.3,7865.0,7720.18,7772.01,903.70094986
1559826000,1559829599,7771.78,7771.78,7654.64,7742.18,950.10546428
1559829600,1559833199,7741.97,7742.9,7592.93,7696.77,1216.55975231
1559833200,1559836799,7696.77,7726.17,7670.0,7710.73,479.17060828
1559836800,1559840399,7710.72,7735.24,7689.96,7715.68,434.90193698
1559840400,1559843999,7715.68,7717.98,7637.37,7649.56,393.28284708
1559844000,1559847599,7645.53,7660.93,7450.0,7594.83,2686.799242
1559847600,1559851199,7594.8,7620.0,7558.73,7599.22,498.97315095
1559851200,1559854799,7599.01,7716.99,7577.8,7685.08,553.90355097
1559854800,1559858399,7685.08,7748.03,7682.66,7738.94,359.13970438
1559858400,1559861999,7738.94,7747.28,7704.32,7733.37,298.89883734
1559862000,1559865599,7733.38,7828.02,7721.23,7805.0,1008.65242553
1559865600,1559869199,7805.0,7835.79,7779.66,7787.13,584.02840389
1559869200,1559872799,7787.12,7810.0,7766.84,7799.54,254.51394038
1559872800,1559876399,7799.54,7810.0,7756.79,7775.17,221.23677358
1559876400,1559879999,7775.18,7821.67,7771.94,7807.55,297.23821666
1559880000,1559883599,7807.33,7825.0,7777.77,7791.19,157.9641248
1559883600,1559887199,7791.19,7809.92,7777.0,7807.24,79.27118882
1559887200,1559890799,7807.24,7964.35,7805.76,7928.71,1097.50426782
1559890800,1559894399,7928.7,8022.51,7916.61,7946.01,742.71286913
1559894400,1559897999,7946.01,8044.15,7946.0,7976.98,543.76641805
1559898000,1559901599,7976.99,8005.0,7942.22,7958.64,254.00144548
1559901600,1559905199,7958.64,7994.0,7958.63,7960.59,214.72648317
1559905200,1559908799,7960.59,7982.08,7913.84,7920.0,237.09226739
1559908800,1559912399,7920.0,7956.4,7919.99,7927.08,351.45001609
1559912400,1559915999,7927.07,7988.4,7918.0,7983.6,428.20370146
1559916000,1559919599,7983.6,7983.75,7934.24,7934.31,358.42561607
1559919600,1559923199,7934.31,7958.64,7923.51,7943.01,478.53231705
1559923200,1559926799,7943.0,8118.0,7929.47,8068.78,1555.65286756
1559926800,1559930399,8069.48,8119.58,8062.14,8096.0,678.27866483
1559930400,1559933999,8096.0,8134.29,8082.71,8093.43,560.51619185
1559934000,1559937599,8090.05,8103.85,7960.0,7970.85,1191.77319996
1559937600,1559941199,7970.86,8019.95,7878.62,7899.53,828.1566094
1559941200,1559944799,7899.54,7967.85,7873.76,7954.1,759.0356274
1559944800,1559948399,7953.51,8039.99,7947.46,8028.97,307.78135008
1559948400,1559951999,8028.84,8083.27,7990.81,7998.13,487.82520997
1559952000,1559955599,7998.13,8059.99,7975.01,8046.2,244.00226763
1559955600,1559959199,8046.2,8048.93,7970.0,7976.4,226.24875098
1559959200,1559962799,7978.99,7990.03,7938.89,7986.0,180.05294441
1559962800,1559966399,7985.17,7995.55,7953.65,7960.55,123.94131988
1559966400,1559969999,7960.21,7994.44,7955.0,7994.43,114.50341988
1559970000,1559973599,7994.44,8028.2,7949.96,7961.39,254.98523662
1559973600,1559977199,7961.39,7967.82,7891.92,7920.0,250.82831697
1559977200,1559980799,7916.84,7959.97,7889.69,7945.01,149.67194463
1559980800,1559984399,7945.01,7997.95,7928.83,7980.99,119.38959201
1559984400,1559987999,7983.44,8007.8,7964.38,8002.63,70.14230667
1559988000,1559991599,8002.91,8036.36,7981.86,7982.69,78.8219558
1559991600,1559995199,7981.3,8015.93,7977.89,8015.51,83.89638407
1559995200,1559998799,8012.02,8014.87,7915.34,7948.95,256.56990031
1559998800,1560002399,7952.01,7984.41,7923.72,7973.37,130.88247208
1560002400,1560005999,7974.27,7974.27,7908.06,7937.32,164.53744565
1560006000,1560009599,7938.47,7959.77,7861.29,7949.94,353.18447848
1560009600,1560013199,7949.62,7949.62,7818.52,7854.87,457.36814448
1560013200,1560016799,7854.57,7858.86,7786.01,7849.01,585.82593058
1560016800,1560020399,7849.01,7866.69,7800,7839.86,311.73904081
1560020400,1560023999,7839.87,7860.0,7825,7840.0,244.92849517
1560024000,1560027599,7839.99,7875,7833.64,7872.0,211.90900132
1560027600,1560031199,7872.0,7922,7871.42,7893.81,202.69889755
1560031200,1560034799,7896.6,7948.99,7893.81,7948.0,144.60020529
1560034800,1560038399,7947.85,7975.8,7920.26,7930.14,127.78347849
1560038400,1560041999,7930.14,7960.0,7883.88,7896.18,194.01647848
1560042000,1560045599,7896.65,7923.69,7875.0,7885.6,96.99105573
1560045600,1560049199,7885.17,7903.75,7855.77,7866.76,114.7400058
1560049200,1560052799,7866.76,7910.42,7860.58,7891.17,135.98000974
1560052800,1560056399,7891.17,7902.0,7870.37,7902.0,78.40689538
1560056400,1560059999,7902.0,7911.6,7886.2,7900.77,67.18167477
1560060000,1560063599,7900.77,7900.77,7868.01,7894.43,64.85608207
1560063600,1560067199,7894.43,7927.92,7871.76,7920.01,127.76615161
1560067200,1560070799,7920.01,7950.44,7900.77,7921.9,66.82552652
1560070800,1560074399,7921.89,7927.3,7884.7,7900.45,72.57583732
1560074400,1560077999,7900.44,7904.94,7870.19,7889.49,43.84856699
1560078000,1560081599,7891.67,7917.94,7867.04,7876.76,86.09425762
1560081600,1560085199,7876.76,7876.76,7726.0,7763.9,875.9130891
1560085200,1560088799,7763.91,7790.0,7712.5,7760.42,223.74591295
1560088800,1560092399,7763.44,7789.24,7701.0,7789.24,306.9519687
1560092400,1560095999,7789.23,7789.48,7735.42,7752.6,458.60165425
1560096000,1560099599,7752.61,7752.61,7602,7647.06,1110.37231132
1560099600,1560103199,7647.06,7686.31,7600,7655.99,610.07432153
1560103200,1560106799,7651.18,7698.62,7638.43,7682,297.21937583
1560106800,1560110399,7683.53,7765.78,7680.0,7752,364.40946638
1560110400,1560113999,7751.99,7766.86,7700.01,7718.23,278.19545273
1560114000,1560117599,7718.23,7747.96,7626.0,7636.34,317.58127015
1560117600,1560121199,7636.34,7636.34,7508.77,7591.33,1214.08395844
1560121200,1560124799,7593.81,7658.84,7550.66,7634.58,461.04069169
1560124800,1560128399,7635.05,7640.76,7516.9,7610.36,645.36426792
1560128400,1560131999,7610.44,7676.77,7591.75,7625.34,238.51147363
1560132000,1560135599,7625.34,7664.21,7590.03,7640.85,206.84756608
1560135600,1560139199,7640.84,7691.98,7640.84,7667.64,228.70450832
1560139200,1560142799,7667.63,7680.0,7624.05,7648.97,257.40067286
1560142800,1560146399,7648.04,7649.01,7615.0,7642.9,233.2354962
1560146400,1560149999,7640.91,7739.99,7639.86,7700.64,238.20607771
1560150000,1560153599,7700.56,7746.93,7698.53,7713.47,171.5581259
1560153600,1560157199,7713.46,7749.87,7709.49,7718.79,122.39851287
1560157200,1560160799,7723.0,7736.01,7699.51,7707.01,62.43920957
1560160800,1560164399,7706.9,7720.35,7648.46,7663.6,205.51701455
1560164400,1560167999,7665.52,8012.99,7631.06,7945.51,1758.64228389
1560168000,1560171599,7940.0,8097.35,7937.59,7995.79,1199.11803979
1560171600,1560175199,7992.62,8002.16,7925.77,7952.49,498.42386688
1560175200,1560178799,7952.99,7982.94,7935.75,7951.59,377.49888203
1560178800,1560182399,7951.11,7958.89,7882.35,7944.43,510.25963584
1560182400,1560185999,7944.45,8000.0,7920.0,7939.82,358.41990876
1560186000,1560189599,7942.1,7958.5,7912.02,7945.7,344.17319253
1560189600,1560193199,7943.01,7971.99,7920.0,7955.41,232.20268134
1560193200,1560196799,7955.4,8015.0,7938.85,7983.94,455.95098513
1560196800,1560200399,7981.84,8007.04,7895.96,7945.82,569.599947
1560200400,1560203999,7944.0,7959.44,7904.42,7950.58,200.90173808
1560204000,1560207599,7951.6,7985,7934.55,7951.91,291.10296896
1560207600,1560211199,7951.9,8024,7946.73,8015.69,460.04139098
1560211200,1560214799,8015.7,8057.19,7955.06,8002.44,705.6951517
1560214800,1560218399,8005.96,8007.45,7957.68,7976.01,296.85658656
1560218400,1560221999,7974.2,7987.26,7942.14,7961.59,141.40482158
1560222000,1560225599,7961.58,7977.24,7942.13,7971.0,216.15973325
1560225600,1560229199,7968.53,7973.9,7945.06,7952.44,91.96762083
1560229200,1560232799,7950.69,7970.0,7936.54,7957.77,134.58683059
1560232800,1560236399,7957.56,7957.56,7909.89,7934.0,189.12811412
1560236400,1560239999,7934.0,7960.0,7908.45,7939.43,195.69458135
1560240000,1560243599,7939.43,7960.0,7927.66,7958.5,125.67956572
1560243600,1560247199,7959.06,7974.08,7935.01,7935.01,87.55369336
1560247200,1560250799,7935.0,7940.37,7771,7820.0,938.7080681
1560250800,1560254399,7819.99,7832.27,7740,7794.99,380.6278481
1560254400,1560257999,7794.99,7809.79,7765.8,7796.09,189.14070147
1560258000,1560261599,7797.98,7821.98,7790.0,7813.84,225.49556829
1560261600,1560265199,7813.84,7830.38,7755.09,7793.15,365.81615167
1560265200,1560268799,7794.06,7806.28,7757.43,7783.24,260.53961115
1560268800,1560272399,7783.26,7887.26,7702.83,7865.36,784.38493031
1560272400,1560275999,7865.99,7920.43,7850.0,7885.31,438.30578704
1560276000,1560279599,7888.24,7923.78,7861.54,7885.87,306.65833261
1560279600,1560283199,7889.04,7900.0,7860.6,7894.98,226.5226673
1560283200,1560286799,7894.97,7985.0,7888.68,7929.91,861.10378244
1560286800,1560290399,7926.54,7949.99,7905.64,7912.06,250.75137915
1560290400,1560293999,7914.55,7937.81,7901.67,7908.81,176.50761066
1560294000,1560297599,7908.79,7940.8,7902.69,7918.17,220.89340653
1560297600,1560301199,7913.64,7921.64,7817.0,7834.0,286.09982898
1560301200,1560304799,7833.99,7879.66,7826.62,7859.21,156.32501839
1560304800,1560308399,7859.2,8057.56,7854.1,8032.06,1072.96177442
1560308400,1560311999,8032.37,8081.81,7962.01,7996.65,765.86704631
1560312000,1560315599,7996.61,8008.6,7970.0,7991.01,279.36934523
1560315600,1560319199,7989.9,7991.04,7946.29,7974.0,185.39412747
1560319200,1560322799,7974.0,7977.0,7938.95,7953.1,588.51339253
1560322800,1560326399,7953.09,8014.67,7953.09,8001.89,247.952598
1560326400,1560329999,8001.71,8001.71,7960.7,7977.91,78.94198892
1560330000,1560333599,7977.91,7977.91,7902.99,7965.95,278.36546799
1560333600,1560337199,7965.94,8072.97,7965.93,7990.18,519.79882058
1560337200,1560340799,7987.82,8036.2,7978.17,7997.72,196.40297125
1560340800,1560344399,7999.9,8062.9,7990,8012.53,382.68770319
1560344400,1560347999,8012.5,8029.7,7985,8016.62,191.58005954
1560348000,1560351599,8016.63,8048.0,7929.11,8019.88,779.99166823
1560351600,1560355199,8019.89,8292.43,8019.89,8192.56,2751.86889102
1560355200,1560358799,8192.56,8221.15,8170,8180.0,996.01112828
1560358800,1560362399,8180.01,8188.5,8120,8158.49,808.02843593
1560362400,1560365999,8157.42,8172.9,8138.57,8152.9,320.82283466
1560366000,1560369599,8152.91,8183.61,8137.76,8171.3,310.01433221
1560369600,1560373199,8171.29,8175.0,8094.0,8122.97,603.34570285
1560373200,1560376799,8119.25,8161.32,8115.72,8154.99,234.16820504
1560376800,1560380399,8153.4,8160.0,8121.64,8160.0,306.46883235
1560380400,1560383999,8160.0,8177.72,8122.0,8176.02,485.89138613
1560384000,1560387599,8176.03,8198.38,8145.66,8167.97,370.41842297
1560387600,1560391199,8167.97,8179.28,8135.0,8142.22,174.48906403
1560391200,1560394799,8140.35,8140.49,8095,8096.45,301.38137119
1560394800,1560398399,8096.45,8135.12,8068,8124.09,325.23464855
1560398400,1560401999,8120.32,8152.03,8097.43,8139.22,194.87929472
1560402000,1560405599,8139.58,8140.46,8114.29,8131.7,119.29585325
1560405600,1560409199,8131.7,8139.29,8095.0,8121.57,128.66049782
1560409200,1560412799,8121.56,8145.0,8115.04,8132.39,76.60317231
1560412800,1560416399,8129.82,8144.99,8113.0,8131.76,139.09772783
1560416400,1560419999,8131.75,8131.76,8069.49,8108.17,211.5866382
1560420000,1560423599,8108.16,8112.36,8075.01,8099.11,233.02771373
1560423600,1560427199,8099.11,8126.56,8094.93,8122.79,147.68368695
1560427200,1560430799,8123.32,8156.97,8048.75,8111.87,555.18586466
1560430800,1560434399,8111.87,8196.0,8111.86,8157.7,638.00640529
1560434400,1560437999,8157.65,8184.99,8140.86,8161.66,227.49776713
1560438000,1560441599,8161.66,8230.24,8160.28,8191.64,584.32674876
1560441600,1560445199,8191.44,8201.71,8164.0,8173.88,282.64498516
1560445200,1560448799,8173.88,8195.49,8173.87,8190.0,244.51353096
1560448800,1560452399,8189.95,8300.0,8184.62,8275.29,953.68140481
1560452400,1560455999,8275.3,8296.66,8223.44,8243.12,717.2433349
1560456000,1560459599,8243.26,8279.98,8227.0,8263.18,332.30052715
1560459600,1560463199,8262.96,8329.99,8260.26,8316.8,701.68261232
1560463200,1560466799,8317.21,8329.9,8235.38,8255.26,519.65255541
1560466800,1560470399,8255.26,8275.0,8204.06,8239.04,452.5741531
1560470400,1560473999,8239.04,8260.0,8215.22,8222.58,235.92722645
1560474000,1560477599,8221.22,8242.76,8180.08,8194.38,385.35537276
1560477600,1560481199,8194.38,8217.07,8185.67,8203.0,156.00811058
1560481200,1560484799,8203.03,8224.34,8190.96,8209.88,244.44307836
1560484800,1560488399,8210.03,8243,8192.96,8242.99,264.83058908
1560488400,1560491999,8242.99,8252,8225.07,8230.01,247.72659783
1560492000,1560495599,8230.01,8231.71,8201.48,8228.59,121.36192558
1560495600,1560499199,8228.59,8266.14,8228.14,8266.14,217.87944216
1560499200,1560502799,8266.25,8318.33,8247.15,8295.03,318.40227489
1560502800,1560506399,8293.65,8311.43,8261.3,8300.4,349.33878189
1560506400,1560509999,8300.4,8318.87,8280.5,8294.83,204.8789403
1560510000,1560513599,8294.83,8314.26,8268.67,8275.55,146.21250912
1560513600,1560517199,8275.55,8369.63,8271.3,8360,746.96447531
1560517200,1560520799,8360.0,8450.0,8349.05,8405,1249.95071088
1560520800,1560524399,8404.92,8436.73,8370.33,8400.99,557.09782315
1560524400,1560527999,8401.05,8475.0,8399.96,8414.51,1027.67055446
1560528000,1560531599,8414.61,8435.0,8366.03,8366.04,525.65591005
1560531600,1560535199,8366.04,8399.97,8350.33,8397.81,307.81190267
1560535200,1560538799,8397.81,8429.8,8388.06,8413.58,383.92617114
1560538800,1560542399,8410.71,8465.85,8393.0,8410.0,667.86257689
1560542400,1560545999,8410.0,8467.78,8410.0,8454.9,391.5558281
1560546000,1560549599,8454.15,8665.94,8454.13,8623.78,2076.67962884
1560549600,1560553199,8623.77,8707.64,8623.77,8669.89,950.78592309
1560553200,1560556799,8666.4,8738.92,8640.02,8697.46,961.60606871
1560556800,1560560399,8697.45,8710.0,8628.53,8635.36,640.28561978
1560560400,1560563999,8635.8,8672.07,8625.0,8630.37,364.08459061
1560564000,1560567599,8633.58,8695.2,8630.0,8662.13,296.90042767
1560567600,1560571199,8662.12,8671.0,8588.7,8645.63,655.56320037
1560571200,1560574799,8645.44,8664.73,8634.03,8655.61,154.30634951
1560574800,1560578399,8658.12,8713.69,8651.55,8709.22,238.68317295
1560578400,1560581999,8709.22,8774.43,8686.36,8689.2,613.85014596
1560582000,1560585599,8689.19,8709.8,8654.38,8704.26,226.04684862
1560585600,1560589199,8704.26,8724.94,8684.53,8692.11,118.09291372
1560589200,1560592799,8692.1,8693.79,8660.66,8660.67,108.75128583
1560592800,1560596399,8660.67,8693.68,8640.69,8676.35,110.61228678
1560596400,1560599999,8676.34,8681.5,8650.1,8670.01,199.89752567
1560600000,1560603599,8670.01,8670.01,8639.75,8645.01,245.31328435
1560603600,1560607199,8645.0,8658.29,8635.0,8656.32,207.91527609
1560607200,1560610799,8656.4,8725.85,8656.4,8700,363.57355939
1560610800,1560614399,8700.0,8825.84,8700.0,8796,1286.78521161
1560614400,1560617999,8796.01,8916.63,8773.02,8859.83,1054.2471507
1560618000,1560621599,8859.83,8883.29,8795.14,8826.73,589.83300031
1560621600,1560625199,8826.72,8850.0,8787.46,8825.94,682.49060923
1560625200,1560628799,8823.01,8879.7,8812.87,8857.41,405.20546908
1560628800,1560632399,8857.44,8861.93,8766.73,8801.64,611.61019408
1560632400,1560635999,8800.12,8829.26,8776.05,8825.05,216.5709457
1560636000,1560639599,8825.8,8862.48,8815.3,8835.35,205.90587178
1560639600,1560643199,8835.51,8878.08,8825.73,8860.23,400.65088119
1560643200,1560646799,8856.13,8862.96,8799.7,8829.99,269.49812694
1560646800,1560650399,8830.0,9025.0,8825.0,8954.41,2009.08027833
1560650400,1560653999,8958.28,9025,8954.41,8974.71,551.79281891
1560654000,1560657599,8975.25,9010,8958.51,9010.0,436.08384157
1560657600,1560661199,9010.0,9112.28,9000,9101.0,1249.06522344
1560661200,1560664799,9101.69,9359.99,9098,9332.13,2249.54580196
1560664800,1560668399,9336.38,9388.0,9214.45,9327.48,1215.72583607
1560668400,1560671999,9328.15,9335.06,9260.0,9305.11,507.86757849
1560672000,1560675599,9305.36,9365.11,8861,9061.73,2065.1122162
1560675600,1560679199,9060.16,9150.0,8960,9071.79,848.0092629
1560679200,1560682799,9073.74,9150.0,9038,9107.2,480.96010332
1560682800,1560686399,9108.72,9119.99,9034,9119.98,345.2457789
1560686400,1560689999,9119.99,9139.99,9050.0,9072.12,428.09854811
1560690000,1560693599,9070.53,9250.0,9040.69,9236.99,867.60425819
1560693600,1560697199,9237.0,9332.27,9213.84,9255.12,950.38245574
1560697200,1560700799,9254.15,9275.27,9160.0,9243.22,690.52612862
1560700800,1560704399,9244.17,9251.0,9156.0,9189.01,475.47307775
1560704400,1560707999,9192.0,9199.98,8991.63,9047.37,1398.06537197
1560708000,1560711599,9050.14,9098.47,9025,9055.63,709.12957779
1560711600,1560715199,9055.63,9062.61,8870,8922.0,1600.3424
1560715200,1560718799,8922.0,8968.68,8810.53,8934.73,1258.29449619
1560718800,1560722399,8934.45,9038.4,8914.27,9037.07,686.64935515
1560722400,1560725999,9037.07,9065.57,9003.17,9065.57,670.78566348
1560726000,1560729599,9065.57,9083.76,8965.17,8975.0,657.05231167
1560729600,1560733199,8975.78,9198.93,8975.78,9186.36,886.89937242
1560733200,1560736799,9184.01,9209.0,9111.11,9133.99,718.68584227
1560736800,1560740399,9133.99,9180.01,9085.59,9089.95,607.02143201
1560740400,1560743999,9088.0,9175.01,9085.57,9175.0,428.43088375
1560744000,1560747599,9165.29,9260,9156.48,9185.0,861.61026161
1560747600,1560751199,9185.0,9220,9155.02,9170.01,287.24653466
1560751200,1560754799,9174.63,9210.31,9116.53,9142.71,414.97182737
1560754800,1560758399,9142.71,9194.75,9125.89,9158.01,326.4246916
1560758400,1560761999,9158.01,9223.58,9158.0,9205.08,298.30811334
1560762000,1560765599,9205.07,9211.2,9151.78,9186.76,329.52316356
1560765600,1560769199,9186.75,9300.0,9151.78,9282.06,537.89029524
1560769200,1560772799,9281.09,9335.18,9257.45,9299.92,807.33468607
1560772800,1560776399,9300.0,9386.04,9229.15,9298.71,1401.73896527
1560776400,1560779999,9298.7,9320.43,9260.0,9280.54,584.7526821
1560780000,1560783599,9280.05,9430.37,9270.57,9399.55,1122.74913063
1560783600,1560787199,9399.0,9400.21,9105.0,9192.38,2029.86922893
1560787200,1560790799,9190.92,9231.99,9147.45,9219.99,675.08108639
1560790800,1560794399,9219.99,9278.0,9214.59,9253.79,629.25787299
1560794400,1560797999,9253.8,9321.39,9245.0,9279.2,479.13438041
1560798000,1560801599,9279.2,9380.0,9244.07,9307.09,1090.61444084
1560801600,1560805199,9307.08,9373.11,9177.38,9267.0,1638.91636337
1560805200,1560808799,9266.96,9292.6,9211.0,9291.06,684.38271752
1560808800,1560812399,9292.6,9380.45,9269.0,9354.93,1107.8730518
1560812400,1560815999,9354.93,9475.0,9265.89,9333.14,2704.77166296
1560816000,1560819599,9333.08,9359.48,9282.66,9295.46,635.02882126
1560819600,1560823199,9295.46,9329.93,9234.02,9300.44,793.03252633
1560823200,1560826799,9300.45,9307.29,9243.94,9256.45,556.13703566
1560826800,1560830399,9256.45,9283.96,9220.0,9265.0,536.20762734
1560830400,1560833999,9265.0,9296.37,9241.15,9261.02,344.49572225
1560834000,1560837599,9261.02,9261.02,9106.0,9155.23,1075.36963386
1560837600,1560841199,9155.24,9209.0,9133.22,9182.37,506.94550393
1560841200,1560844799,9182.36,9188.5,9031.0,9123.0,917.31791011
1560844800,1560848399,9120.73,9176.0,9100.22,9175.91,278.09285686
1560848400,1560851999,9175.9,9241.11,9175.9,9223.19,472.77923346
1560852000,1560855599,9223.2,9249.98,9197.47,9228.51,357.3249791
1560855600,1560859199,9228.51,9228.51,9156.71,9177.07,450.87779244
1560859200,1560862799,9176.85,9198.67,9100,9170.31,848.86077776
1560862800,1560866399,9170.29,9195.0,9140,9180.01,533.5041454
1560866400,1560869999,9180.0,9183.4,9103.29,9112.03,729.19247679
1560870000,1560873599,9112.02,9145.05,8919.72,9081.46,1850.59401396
1560873600,1560877199,9082.01,9082.01,8949.58,8990.96,701.29316733
1560877200,1560880799,8993.82,9070.0,8930.0,9050.0,1224.15182466
1560880800,1560884399,9050.0,9119.0,9026.19,9113.59,612.11421943
1560884400,1560887999,9113.56,9124.56,9034.37,9070.4,611.27794412
1560888000,1560891599,9071.02,9140.0,9043.05,9126.22,425.41601621
1560891600,1560895199,9126.22,9127.11,8986.0,9022.33,441.65400139
1560895200,1560898799,9018.21,9046.54,8945.62,9006.87,823.39263428
1560898800,1560902399,9006.87,9098.0,8958.99,9078.48,690.35505757
1560902400,1560905999,9078.48,9171.53,9035.75,9169.3,724.26684067
1560906000,1560909599,9168.86,9170.0,9130.81,9134.75,446.1083602
1560909600,1560913199,9134.75,9158,9117.77,9146.02,257.41416819
1560913200,1560916799,9146.01,9170,9132.88,9139.0,237.77553499
1560916800,1560920399,9139.01,9205.79,9139.01,9167.0,572.46374906
1560920400,1560923999,9166.0,9181.53,9144.95,9173.06,177.28614108
1560924000,1560927599,9173.07,9181.54,9148.07,9155.05,199.80126496
1560927600,1560931199,9155.05,9178.4,9130.07,9178.21,196.09029401
1560931200,1560934799,9178.21,9192.0,9161.25,9165.6,115.49890516
1560934800,1560938399,9165.59,9167.73,9099.06,9112.9,230.74968115
1560938400,1560941999,9112.9,9146.04,9085,9133.17,212.24189375
1560942000,1560945599,9133.16,9135.68,9100,9133.88,203.03694363
1560945600,1560949199,9133.88,9142.32,9048.0,9080.14,375.27520325
1560949200,1560952799,9080.15,9154.68,9048.28,9132.4,370.75169805
1560952800,1560956399,9132.4,9132.42,9056.7,9075.19,443.25297136
1560956400,1560959999,9073.09,9128.83,9051.0,9098.01,324.02328426
1560960000,1560963599,9098.01,9147.0,9071.99,9134.48,432.96848095
1560963600,1560967199,9134.48,9164.91,9117.85,9140.54,310.0248443
1560967200,1560970799,9140.55,9140.55,9104.91,9112.81,299.78507506
1560970800,1560974399,9112.81,9154.41,9110.53,9150.01,275.15880757
1560974400,1560977999,9150.0,9179.36,9117.97,9168.79,577.88354299
1560978000,1560981599,9168.88,9238.67,9135.0,9236.14,532.31738482
1560981600,1560985199,9238.66,9291.15,9235.01,9257.1,1024.26321894
1560985200,1560988799,9257.1,9319.5,9257.0,9277.54,687.01846924
1560988800,1560992399,9277.55,9299.69,9257.02,9260.95,350.46357594
1560992400,1560995999,9260.96,9282.86,9237.0,9265.26,307.77390515
1560996000,1560999599,9265.26,9347.0,9265.14,9342.24,457.007615
1560999600,1561003199,9341.93,9365.19,9326.59,9338.05,572.13710899
